timestamp,value,rolling_mean,rolling_std,diff
2014-04-10 00:04:00,91.958,,,
2014-04-10 00:09:00,94.798,,,2.8400000000000034
2014-04-10 00:14:00,92.208,,,-2.5900000000000034
2014-04-10 00:19:00,93.722,,,1.5139999999999958
2014-04-10 00:24:00,93.042,,,-0.6799999999999926
2014-04-10 00:29:00,92.958,,,-0.08400000000000318
2014-04-10 00:34:00,95.708,,,2.75
2014-04-10 00:39:00,95.25,,,-0.4579999999999984
2014-04-10 00:44:00,94.458,,,-0.7920000000000016
2014-04-10 00:49:00,92.75,,,-1.7079999999999984
2014-04-10 00:54:00,94.208,,,1.4579999999999984
2014-04-10 00:59:00,92.75,93.65083333333332,1.2245009249288124,-1.4579999999999984
2014-04-10 01:04:00,94.376,93.85233333333332,1.1146292765948793,1.6260000000000048
2014-04-10 01:09:00,92.792,93.68516666666666,1.1103262283371191,-1.5840000000000032
2014-04-10 01:14:00,91.666,93.64,1.1844292833566403,-1.1260000000000048
2014-04-10 01:19:00,87.542,93.125,2.1197722862266417,-4.123999999999995
2014-04-10 01:24:00,90.75,92.93399999999998,2.228406360853173,3.2079999999999984
2014-04-10 01:29:00,91.65,92.82499999999999,2.258906654274859,0.9000000000000057
2014-04-10 01:34:00,90.06200000000004,92.35450000000002,2.190792488409764,-1.5879999999999654
2014-04-10 01:39:00,93.416,92.20166666666667,2.028386162505141,3.3539999999999566
2014-04-10 01:44:00,89.904,91.82216666666666,1.9935770424647035,-3.5120000000000005
2014-04-10 01:49:00,90.542,91.63816666666668,2.0020335949107837,0.6380000000000052
2014-04-10 01:54:00,90.628,91.33983333333333,1.844842532493449,0.08599999999999852
2014-04-10 01:59:00,91.166,91.20783333333334,1.7906434513037033,0.5379999999999967
2014-04-10 02:04:00,90.5,90.88483333333333,1.4918641074680246,-0.6659999999999968
2014-04-10 02:09:00,89.166,90.58266666666668,1.4366530126609278,-1.3340000000000032
2014-04-10 02:14:00,90.292,90.46816666666666,1.3966597707213289,1.1260000000000048
2014-04-10 02:19:00,90.208,90.69033333333334,1.060453705074344,-0.08400000000000318
2014-04-10 02:24:00,93.626,90.93,1.3583238333930112,3.4180000000000064
2014-04-10 02:29:00,93.624,91.0945,1.5582622314033119,-0.0020000000000095497
2014-04-10 02:34:00,93.756,91.40233333333333,1.6946542330802548,0.132000000000005
2014-04-10 02:39:00,93.542,91.41283333333332,1.7085980341859528,-0.21399999999999864
2014-04-10 02:44:00,92.042,91.591,1.6473320579320887,-1.5
2014-04-10 02:49:00,90.938,91.62400000000001,1.6282637713499526,-1.1039999999999992
2014-04-10 02:54:00,91.376,91.68633333333334,1.6007536482620008,0.4380000000000024
2014-04-10 02:59:00,92.666,91.81133333333334,1.614931314797944,1.289999999999992
2014-04-10 03:04:00,94.42,92.13799999999999,1.7186952768147497,1.7540000000000049
2014-04-10 03:09:00,95.584,92.67283333333334,1.7083383651071178,1.1640000000000015
2014-04-10 03:14:00,93.102,92.907,1.5362418133519242,-2.4819999999999993
2014-04-10 03:19:00,90.62,92.94133333333332,1.473772236833258,-2.4819999999999993
2014-04-10 03:24:00,93.478,92.92900000000002,1.4681301651481993,2.85799999999999
2014-04-10 03:29:00,94.126,92.97083333333335,1.4966098558428516,0.6480000000000103
2014-04-10 03:34:00,93.338,92.93599999999999,1.4814616860629997,-0.7880000000000109
2014-04-10 03:39:00,93.458,92.92899999999999,1.4785335486708957,0.12000000000000455
2014-04-10 03:44:00,92.166,92.93933333333332,1.4721905344407251,-1.2920000000000016
2014-04-10 03:49:00,91.584,92.99316666666668,1.4025175956331186,-0.5819999999999936
2014-04-10 03:54:00,94.33,93.23933333333332,1.351172240775514,2.745999999999995
2014-04-10 03:59:00,95.084,93.44083333333333,1.4355609504385884,0.7540000000000049
2014-04-10 04:04:00,93.958,93.40233333333333,1.4129303742308545,-1.1260000000000048
2014-04-10 04:09:00,94.714,93.32983333333334,1.3093308376511037,0.7560000000000002
2014-04-10 04:14:00,92.232,93.25733333333334,1.3466481846916178,-2.4819999999999993
2014-04-10 04:19:00,95.2,93.63900000000001,1.168467061036459,2.9680000000000035
2014-04-10 04:24:00,92.458,93.55399999999999,1.2173222476178451,-2.7420000000000044
2014-04-10 04:29:00,94.444,93.58050000000001,1.2342497537149288,1.9860000000000042
2014-04-10 04:34:00,86.736,93.03033333333333,2.3338082546980736,-7.707999999999998
2014-04-10 04:39:00,93.072,92.99816666666668,2.330034952267407,6.3359999999999985
2014-04-10 04:44:00,95.876,93.30733333333335,2.4524960692520734,2.804000000000002
2014-04-10 04:49:00,93.994,93.50816666666667,2.396583395105806,-1.882000000000005
2014-04-10 04:54:00,94.104,93.48933333333333,2.3904180438246208,0.10999999999999943
2014-04-10 04:59:00,93.75,93.37816666666667,2.3400033346259375,-0.3539999999999992
2014-04-10 05:04:00,90.852,93.11933333333333,2.4396934730461823,-2.897999999999996
2014-04-10 05:09:00,89.584,92.69183333333332,2.580269395143664,-1.2680000000000007
2014-04-10 05:14:00,94.542,92.88433333333334,2.628561422435293,4.957999999999998
2014-04-10 05:19:00,91.974,92.6155,2.5334458208678203,-2.567999999999998
2014-04-10 05:24:00,93.0,92.66066666666667,2.5352134331284706,1.0259999999999962
2014-04-10 05:29:00,92.262,92.47883333333334,2.4731701346958346,-0.7379999999999995
2014-04-10 05:34:00,93.25,93.02166666666666,1.6884856762163452,0.9879999999999995
2014-04-10 05:39:00,93.624,93.06766666666668,1.6974768084281453,0.3739999999999952
2014-04-10 05:44:00,93.436,92.86433333333333,1.4600281026767783,-0.18799999999998818
2014-04-10 05:49:00,92.774,92.76266666666668,1.4160278203053374,-0.6620000000000061
2014-04-10 05:54:00,91.624,92.556,1.3830577454584594,-1.1500000000000057
2014-04-10 05:59:00,93.042,92.497,1.3419837419418599,1.4180000000000064
2014-04-10 06:04:00,91.542,92.5545,1.2783671758784902,-1.5
2014-04-10 06:09:00,93.748,92.9015,0.9111487753978386,2.206000000000003
2014-04-10 06:14:00,93.042,92.7765,0.7551708415980435,-0.7060000000000031
2014-04-10 06:19:00,92.8,92.84533333333333,0.7117713286177787,-0.24200000000000443
2014-04-10 06:24:00,90.11,92.60449999999999,1.0589411950365126,-2.6899999999999977
2014-04-10 06:29:00,94.644,92.803,1.20243495382566,4.534000000000006
2014-04-10 06:34:00,90.542,92.57733333333333,1.3553112579996187,-4.102000000000004
2014-04-10 06:39:00,93.292,92.54966666666667,1.335242799393892,2.75
2014-04-10 06:44:00,91.14,92.35833333333333,1.36094481441339,-2.152000000000001
2014-04-10 06:49:00,91.126,92.221,1.3978366402148659,-0.013999999999995794
2014-04-10 06:54:00,91.5,92.21066666666667,1.4030995126590822,0.3739999999999952
2014-04-10 06:59:00,95.042,92.37733333333334,1.6137919959091742,3.5420000000000016
2014-04-10 07:04:00,95.712,92.72483333333334,1.8493417911803025,0.6700000000000017
2014-04-10 07:09:00,91.506,92.53800000000001,1.8498284932785973,-4.206000000000003
2014-04-10 07:14:00,94.9625,92.69804166666667,1.9761612059096627,3.4565000000000055
2014-04-10 07:19:00,91.848,92.61870833333334,1.9907512110933423,-3.1145000000000067
2014-04-10 07:24:00,92.416,92.81087500000001,1.8315004048469243,0.5679999999999978
2014-04-10 07:29:00,95.126,92.85104166666667,1.8800006583452809,2.710000000000008
2014-04-10 07:34:00,93.584,93.10454166666666,1.7402412248976362,-1.5420000000000016
2014-04-10 07:39:00,93.834,93.14970833333335,1.7525390212013043,0.25
2014-04-10 07:44:00,94.708,93.44704166666666,1.6818221511521214,0.8739999999999952
2014-04-10 07:49:00,94.5,93.72820833333333,1.534056231313968,-0.2079999999999984
2014-04-10 07:54:00,93.452,93.890875,1.3711464036444634,-1.0480000000000018
2014-04-10 07:59:00,88.086,93.31120833333334,2.111005592541699,-5.366
2014-04-10 08:04:00,91.08,92.92520833333334,2.0548463496897424,2.9939999999999998
2014-04-10 08:09:00,89.584,92.76504166666666,2.2419149531587728,-1.4959999999999951
2014-04-10 08:14:00,91.238,92.45466666666668,2.1665861430258113,1.6539999999999964
2014-04-10 08:19:00,91.932,92.46166666666666,2.164582652754569,0.6940000000000026
2014-04-10 08:24:00,89.458,92.21516666666668,2.3321932647708232,-2.4740000000000038
2014-04-10 08:29:00,87.75,91.60050000000001,2.4635776091618564,-1.7079999999999984
2014-04-10 08:34:00,92.666,91.524,2.410057562496272,4.915999999999997
2014-04-10 08:39:00,94.5,91.5795,2.4748859477853644,1.8340000000000032
2014-04-10 08:44:00,92.162,91.36733333333332,2.2840809304772307,-2.337999999999994
2014-04-10 08:49:00,92.648,91.21300000000001,2.109027436348987,0.48599999999999
2014-04-10 08:54:00,94.352,91.288,2.209497351311965,1.7040000000000077
2014-04-10 08:59:00,92.916,91.6905,2.0035007770491,-1.436000000000007
2014-04-10 09:04:00,90.874,91.67333333333333,2.010079027543366,-2.0420000000000016
2014-04-10 09:09:00,92.334,91.90249999999999,1.9041952010327932,1.460000000000008
2014-04-10 09:14:00,93.75,92.11183333333334,1.961710841139018,1.4159999999999968
2014-04-10 09:19:00,93.77,92.265,2.0173578580094897,0.01999999999999602
2014-04-10 09:24:00,93.48,92.60016666666667,1.8344183043001345,-0.28999999999999204
2014-04-10 09:29:00,94.22,93.13933333333334,1.071419223047147,0.7399999999999949
2014-04-10 09:34:00,94.014,93.25166666666667,1.087821119430293,-0.20600000000000307
2014-04-10 09:39:00,94.666,93.26550000000002,1.1060416316345762,0.652000000000001
2014-04-10 09:44:00,94.516,93.46166666666666,1.101274908568332,-0.14999999999999147
2014-04-10 09:49:00,96.75,93.80349999999999,1.4170953968015327,2.2339999999999947
2014-04-10 09:54:00,93.834,93.76033333333334,1.4067199329279096,-2.915999999999997
2014-04-10 09:59:00,91.666,93.65616666666666,1.5168926271901995,-2.1680000000000064
2014-04-10 10:04:00,90.8,93.65000000000002,1.5293306913928408,-0.8659999999999997
2014-04-10 10:09:00,96.042,93.959,1.6116454606732873,5.242000000000004
2014-04-10 10:14:00,85.42200000000003,93.265,2.9484736883528115,-10.619999999999976
2014-04-10 10:19:00,91.73,93.09500000000001,2.9753971163526653,6.3079999999999785
2014-04-10 10:24:00,90.61,92.85583333333334,3.0558953407034597,-1.1200000000000045
2014-04-10 10:29:00,90.25,92.52499999999999,3.1092160368228146,-0.35999999999999943
2014-04-10 10:34:00,90.03399999999998,92.19333333333333,3.1479776288142505,-0.2160000000000224
2014-04-10 10:39:00,89.33200000000002,91.74883333333334,3.1436744520713193,-0.7019999999999555
2014-04-10 10:44:00,91.766,91.51966666666668,3.021475477412636,2.4339999999999833
2014-04-10 10:49:00,94.084,91.2975,2.6807322100161453,2.317999999999998
2014-04-10 10:54:00,91.6525,91.11570833333333,2.564534181150204,-2.4314999999999998
2014-04-10 10:59:00,93.75,91.289375,2.6734373781281264,2.0974999999999966
2014-04-10 11:04:00,93.718,91.53254166666666,2.7563004310647528,-0.031999999999996476
2014-04-10 11:09:00,94.112,91.37170833333334,2.5149931362488145,0.39399999999999125
2014-04-10 11:14:00,93.466,92.04204166666666,1.7365577819134355,-0.6460000000000008
2014-04-10 11:19:00,95.416,92.34920833333332,1.9846220324641892,1.9500000000000028
2014-04-10 11:24:00,94.5,92.67337500000001,1.9923951224251417,-0.9159999999999968
2014-04-10 11:29:00,96.674,93.20870833333333,2.1396536301927043,2.1740000000000066
2014-04-10 11:34:00,93.212,93.47354166666668,1.8935030482046846,-3.4620000000000033
2014-04-10 11:39:00,91.166,93.626375,1.576272258511956,-2.0460000000000065
2014-04-10 11:44:00,93.678,93.78570833333333,1.4637436818950607,2.5120000000000005
2014-04-10 11:49:00,93.55,93.74120833333335,1.4619668796511096,-0.1280000000000001
2014-04-10 11:54:00,93.374,93.88466666666666,1.3155017938782123,-0.17600000000000193
2014-04-10 11:59:00,95.554,94.03499999999998,1.3991338879333362,2.180000000000007
2014-04-10 12:04:00,94.292,94.08283333333334,1.3971215755865742,-1.2620000000000005
2014-04-10 12:09:00,90.164,93.75383333333333,1.7971934601853983,-4.128
2014-04-10 12:14:00,88.75,93.36083333333335,2.308700139328013,-1.4140000000000015
2014-04-10 12:19:00,92.458,93.11433333333332,2.225744220105537,3.7079999999999984
2014-04-10 12:24:00,96.21,93.25683333333335,2.3724309677985485,3.7519999999999953
2014-04-10 12:29:00,91.646,92.83783333333332,2.1473819084191654,-4.563999999999993
2014-04-10 12:34:00,94.792,92.9695,2.2196329139583297,3.146000000000001
2014-04-10 12:39:00,92.534,93.0835,2.152705887101976,-2.2579999999999956
2014-04-10 12:44:00,89.084,92.70066666666668,2.42823172974352,-3.450000000000003
2014-04-10 12:49:00,91.75,92.55066666666666,2.4265913741232943,2.665999999999997
2014-04-10 12:54:00,92.75,92.49866666666668,2.41399726343645,1.0
2014-04-10 12:59:00,89.568,91.99983333333334,2.3426663066348823,-3.182000000000002
2014-04-10 13:04:00,90.658,91.697,2.2525729127539083,1.0900000000000034
2014-04-10 13:09:00,88.024,91.51866666666668,2.4601208149687133,-2.6340000000000003
2014-04-10 13:14:00,91.542,91.75133333333333,2.3013743456438758,3.5180000000000007
2014-04-10 13:19:00,94.25,91.90066666666667,2.4071090670358,2.7079999999999984
2014-04-10 13:24:00,94.124,91.72683333333333,2.1265882976915607,-0.12600000000000477
2014-04-10 13:29:00,91.708,91.73199999999999,2.1264493666887088,-2.415999999999997
2014-04-10 13:34:00,92.584,91.548,1.9234365079201083,0.8760000000000048
2014-04-10 13:39:00,92.638,91.55666666666667,1.9285107458786943,0.054000000000002046
2014-04-10 13:44:00,93.794,91.94916666666667,1.8575055528282483,1.1559999999999917
2014-04-10 13:49:00,96.514,92.34616666666666,2.2735699534725624,2.719999999999999
2014-04-10 13:54:00,95.202,92.5505,2.4187149292735604,-1.3119999999999976
2014-04-10 13:59:00,96.188,93.10216666666668,2.431536507617907,0.9860000000000042
2014-04-10 14:04:00,89.3,92.98899999999999,2.582544692916076,-6.888000000000005
2014-04-10 14:09:00,90.746,93.21583333333332,2.1976700816725643,1.445999999999998
2014-04-10 14:14:00,88.25,92.9415,2.59513476616251,-2.495999999999995
2014-04-10 14:19:00,88.834,92.49016666666667,2.809026548738019,0.5840000000000032
2014-04-10 14:24:00,89.834,92.13266666666665,2.8548056241213726,1.0
2014-04-10 14:29:00,93.5,92.282,2.877352318301711,3.665999999999997
2014-04-10 14:34:00,95.5,92.52499999999999,3.0245428204485956,2.0
2014-04-10 14:39:00,89.542,92.267,3.143726856050698,-5.957999999999998
2014-04-10 14:44:00,89.052,91.87183333333333,3.2311526182500394,-0.4899999999999949
2014-04-10 14:49:00,87.454,91.11683333333333,3.1038254939621712,-1.5980000000000132
2014-04-10 14:54:00,86.876,90.423,3.0374972353148335,-0.5779999999999887
2014-04-10 14:59:00,86.958,89.65383333333334,2.578968709786991,0.08199999999999363
2014-04-10 15:04:00,89.928,89.70616666666666,2.5775072465582674,2.969999999999999
2014-04-10 15:09:00,90.5,89.68566666666668,2.5694508551380144,0.5720000000000027
2014-04-10 15:14:00,90.124,89.84183333333333,2.530921421621783,-0.3760000000000048
2014-04-10 15:19:00,90.58,89.98733333333332,2.517869132758246,0.45600000000000307
2014-04-10 15:24:00,92.0,90.16783333333332,2.5826812647230226,1.4200000000000017
2014-04-10 15:29:00,88.708,89.7685,2.383405527620236,-3.2920000000000016
2014-04-10 15:34:00,89.962,89.307,1.5701303941218483,1.2540000000000049
2014-04-10 15:39:00,92.502,89.55366666666667,1.8226122777901208,2.539999999999992
2014-04-10 15:44:00,94.0,89.96600000000001,2.216037741719905,1.4980000000000047
2014-04-10 15:49:00,94.804,90.5785,2.4608439239784405,0.804000000000002
2014-04-10 15:54:00,89.542,90.80066666666666,2.20303119002937,-5.2620000000000005
2014-04-10 15:59:00,94.0,91.3875,2.0163868901847435,4.457999999999998
2014-04-10 16:04:00,94.292,91.75116666666668,2.120096817400406,0.2920000000000016
2014-04-10 16:09:00,93.916,92.03583333333334,2.1656739380757264,-0.3760000000000048
2014-04-10 16:14:00,91.458,92.14699999999999,2.091586348814046,-2.4579999999999984
2014-04-10 16:19:00,92.14,92.277,2.032996623884823,0.6820000000000022
2014-04-10 16:24:00,93.208,92.37766666666666,2.047887041155627,1.0679999999999978
2014-04-10 16:29:00,96.292,93.00966666666666,1.9816136369283537,3.084000000000003
2014-04-10 16:34:00,90.666,93.06833333333333,1.8915582481278286,-5.626000000000005
2014-04-10 16:39:00,89.458,92.81466666666667,2.1595355280637345,-1.2079999999999984
2014-04-10 16:44:00,95.292,92.92233333333333,2.254139438025168,5.834000000000003
2014-04-10 16:49:00,95.626,92.99083333333333,2.327804811925617,0.3340000000000032
2014-04-10 16:54:00,93.0,93.279,2.060771700116199,-2.6260000000000048
2014-04-10 16:59:00,93.75,93.25816666666667,2.054072931047098,0.75
2014-04-10 17:04:00,95.292,93.3415,2.119084386324303,1.5420000000000016
2014-04-10 17:09:00,95.208,93.44916666666666,2.1827916168118424,-0.08400000000000318
2014-04-10 17:14:00,95.542,93.78950000000002,2.162398857329896,0.3340000000000032
2014-04-10 17:19:00,93.0,93.86116666666668,2.1165255333525175,-2.5420000000000016
2014-04-10 17:24:00,92.236,93.78016666666666,2.1619076522759983,-0.7639999999999958
2014-04-10 17:29:00,94.25,93.61,2.0220657304305507,2.013999999999996
2014-04-10 17:34:00,92.282,93.74466666666667,1.855093103928275,-1.9680000000000035
2014-04-10 17:39:00,94.714,94.18266666666666,1.2833564893620506,2.432000000000002
2014-04-10 17:44:00,94.126,94.08550000000001,1.2349581148582958,-0.5879999999999939
2014-04-10 17:49:00,96.25,94.1375,1.3161862606512353,2.1239999999999952
2014-04-10 17:54:00,93.834,94.20700000000001,1.2719366765254934,-2.415999999999997
2014-04-10 17:59:00,94.46,94.26616666666668,1.2652417543574446,0.6259999999999906
2014-04-10 18:04:00,95.542,94.28699999999999,1.2855636188775823,1.0820000000000078
2014-04-10 18:09:00,98.042,94.52316666666667,1.6722847644265437,2.5
2014-04-10 18:14:00,95.766,94.54183333333333,1.6858861081629384,-2.2759999999999962
2014-04-10 18:19:00,93.458,94.58,1.65266440524489,-2.308000000000007
2014-04-10 18:24:00,92.858,94.63183333333335,1.5806501443354535,-0.5999999999999943
2014-04-10 18:29:00,95.584,94.74300000000001,1.5981674733040603,2.725999999999999
2014-04-10 18:34:00,93.128,94.81349999999999,1.49507047568753,-2.456000000000003
2014-04-10 18:39:00,91.888,94.57799999999999,1.7181046639723203,-1.2399999999999949
2014-04-10 18:44:00,92.984,94.48283333333335,1.7760674553801188,1.0959999999999894
2014-04-10 18:49:00,94.326,94.32249999999999,1.6866267841732838,1.3419999999999987
2014-04-10 18:54:00,95.876,94.49266666666666,1.735172474179821,1.5500000000000114
2014-04-10 18:59:00,93.584,94.41966666666666,1.7549855908930507,-2.2920000000000016
2014-04-10 19:04:00,95.158,94.38766666666668,1.736059662429537,1.573999999999998
2014-04-10 19:09:00,95.416,94.16883333333334,1.3578591326946372,0.25799999999999557
2014-04-10 19:14:00,93.166,93.95216666666666,1.285336732203404,-2.25
2014-04-10 19:19:00,96.25,94.18483333333332,1.4320750255442922,3.084000000000003
2014-04-10 19:24:00,93.376,94.228,1.3957921178898531,-2.8739999999999952
2014-04-10 19:29:00,93.084,94.01966666666665,1.3611411878762405,-0.2920000000000016
2014-04-10 19:34:00,93.146,94.02116666666666,1.3600787298957955,0.06199999999999761
2014-04-10 19:39:00,95.596,94.33016666666667,1.2479759491659994,2.450000000000003
2014-04-10 19:44:00,94.336,94.44283333333333,1.1742474443684625,-1.2600000000000051
2014-04-10 19:49:00,91.458,94.20383333333332,1.4578176612090896,-2.878
2014-04-10 19:54:00,93.292,93.98849999999999,1.376967451916046,1.8340000000000032
2014-04-10 19:59:00,95.126,94.117,1.4074016032131969,1.8340000000000032
2014-04-10 20:04:00,92.976,93.93516666666666,1.40162281486544,-2.1500000000000057
2014-04-10 20:09:00,94.326,93.84433333333334,1.3304437628326906,1.3499999999999943
2014-04-10 20:14:00,89.538,93.54200000000002,1.8205491678960692,-4.787999999999997
2014-04-10 20:19:00,92.128,93.19850000000001,1.643406025191629,2.5900000000000034
2014-04-10 20:24:00,94.144,93.2625,1.6657493263338294,2.0160000000000053
2014-04-10 20:29:00,89.488,92.96283333333334,1.992242128098259,-4.656000000000006
2014-04-10 20:34:00,90.314,92.72683333333333,2.131447047231362,0.8259999999999934
2014-04-10 20:39:00,95.0,92.67716666666666,2.064401732984956,4.686000000000007
2014-04-10 20:44:00,93.208,92.58316666666667,2.0068818796301016,-1.7920000000000016
2014-04-10 20:49:00,94.042,92.79849999999999,2.0137955344436627,0.8340000000000032
2014-04-10 20:54:00,92.626,92.743,2.00812775761625,-1.4159999999999968
2014-04-10 20:59:00,95.398,92.76566666666666,2.038772328157409,2.7719999999999914
2014-04-10 21:04:00,93.528,92.81166666666667,2.0501449763961097,-1.8699999999999903
2014-04-10 21:09:00,93.5,92.74283333333334,2.008114893187688,-0.028000000000005798
2014-04-10 21:14:00,95.63,93.25049999999999,1.8908836077827829,2.1299999999999955
2014-04-10 21:19:00,93.292,93.34750000000001,1.8576294032986835,-2.337999999999994
2014-04-10 21:24:00,95.292,93.44316666666667,1.9305086392089617,2.0
2014-04-10 21:29:00,95.01,93.90333333333332,1.5155581830007319,-0.2819999999999965
2014-04-10 21:34:00,92.384,94.07583333333334,1.141532768082434,-2.6260000000000048
2014-04-10 21:39:00,93.75,93.97166666666668,1.1060142472641974,1.3659999999999997
2014-04-10 21:44:00,96.124,94.21466666666667,1.2357076245347165,2.3739999999999952
2014-04-10 21:49:00,93.42,94.16283333333335,1.2564794852959555,-2.7039999999999935
2014-04-10 21:54:00,91.854,94.09849999999999,1.3579843686340543,-1.5660000000000025
2014-04-10 21:59:00,90.5,93.69033333333334,1.63891978467706,-1.3539999999999992
2014-04-10 22:04:00,92.666,93.6185,1.6653589566652853,2.165999999999997
2014-04-10 22:09:00,93.956,93.6565,1.667610184447362,1.2900000000000063
2014-04-10 22:14:00,91.792,93.33666666666669,1.6221281943137802,-2.1640000000000015
2014-04-10 22:19:00,95.0,93.479,1.6913113793202013,3.2079999999999984
2014-04-10 22:24:00,95.626,93.50683333333335,1.7262471029971012,0.6260000000000048
2014-04-10 22:29:00,95.084,93.51299999999999,1.7322268379694505,-0.5420000000000016
2014-04-10 22:34:00,94.834,93.71716666666667,1.7314444749101283,-0.25
2014-04-10 22:39:00,95.566,93.8685,1.812060228780249,0.7319999999999993
2014-04-10 22:44:00,94.454,93.72933333333333,1.6825928764495086,-1.112000000000009
2014-04-10 22:49:00,95.0,93.86099999999999,1.7176405592873465,0.5460000000000065
2014-04-10 22:54:00,93.334,93.98433333333334,1.610204014930046,-1.6659999999999968
2014-04-10 22:59:00,94.108,94.28499999999998,1.179762533887027,0.7740000000000009
2014-04-10 23:04:00,93.596,94.3625,1.0909429199299852,-0.5120000000000005
2014-04-10 23:09:00,92.922,94.27633333333334,1.1643344828178401,-0.6740000000000066
2014-04-10 23:14:00,92.414,94.32816666666666,1.0521214787563795,-0.5079999999999956
2014-04-10 23:19:00,92.478,94.118,1.1527939183486795,0.06399999999999295
2014-04-10 23:24:00,92.22,93.83416666666666,1.1669648147171068,-0.25799999999999557
2014-04-10 23:29:00,93.876,93.7335,1.0995014159318783,1.656000000000006
2014-04-10 23:34:00,95.58,93.79566666666666,1.1851360745295727,1.7039999999999935
2014-04-10 23:39:00,95.166,93.76233333333333,1.1353983148363294,-0.4140000000000015
2014-04-10 23:44:00,94.5,93.76616666666666,1.138020437053465,-0.6659999999999968
2014-04-10 23:49:00,95.048,93.77016666666667,1.1428256713739677,0.5480000000000018
2014-04-10 23:54:00,93.424,93.77766666666668,1.139994843156796,-1.6239999999999952
2014-04-10 23:59:00,93.01,93.68616666666668,1.1550362318860512,-0.4140000000000015
2014-04-11 00:04:00,93.774,93.70100000000001,1.1549159749049895,0.7639999999999958
2014-04-11 00:09:00,95.704,93.93283333333333,1.2588720660923962,1.9299999999999926
2014-04-11 00:14:00,95.216,94.16633333333334,1.2104748379595598,-0.48799999999999955
2014-04-11 00:19:00,93.572,94.2575,1.1086752537067464,-1.6439999999999912
2014-04-11 00:24:00,92.056,94.24383333333333,1.1367307055629297,-1.5160000000000053
2014-04-11 00:29:00,93.904,94.24616666666667,1.1359354841901559,1.847999999999999
2014-04-11 00:34:00,95.792,94.26383333333332,1.1599603310876077,1.8880000000000052
2014-04-11 00:39:00,93.374,94.1145,1.1485516967032383,-2.4180000000000064
2014-04-11 00:44:00,91.666,93.87833333333334,1.3378451692813942,-1.7079999999999984
2014-04-11 00:49:00,95.708,93.93333333333334,1.4023158335302244,4.042000000000002
2014-04-11 00:54:00,93.042,93.9015,1.4191636781761336,-2.665999999999997
2014-04-11 00:59:00,96.0,94.15066666666667,1.5081054540734085,2.9579999999999984
2014-04-11 01:04:00,95.108,94.26183333333334,1.5268659423998303,-0.8919999999999959
2014-04-11 01:09:00,93.778,94.10133333333334,1.4613083386492924,-1.3299999999999983
2014-04-11 01:14:00,91.716,93.80966666666666,1.5642640635793938,-2.062000000000012
2014-04-11 01:19:00,91.666,93.65083333333332,1.6828608667889136,-0.04999999999999716
2014-04-11 01:24:00,95.75,93.95866666666666,1.7023539495935769,4.084000000000003
2014-04-11 01:29:00,97.042,94.22016666666667,1.9202620007475724,1.2920000000000016
2014-04-11 01:34:00,93.624,94.03950000000002,1.8599740223014556,-3.4180000000000064
2014-04-11 01:39:00,93.4,94.04166666666667,1.8591432696189898,-0.22399999999998954
2014-04-11 01:44:00,89.75399999999998,93.88233333333334,2.141711267074774,-3.646000000000029
2014-04-11 01:49:00,94.334,93.76783333333333,2.070788599602164,4.580000000000027
2014-04-11 01:54:00,96.522,94.05783333333333,2.199570612366829,2.1880000000000024
2014-04-11 01:59:00,93.516,93.85083333333331,2.115454038233559,-3.0060000000000002
2014-04-11 02:04:00,95.25,93.86266666666666,2.1235074473115843,1.7339999999999947
2014-04-11 02:09:00,95.914,94.04066666666665,2.2037718630208354,0.6640000000000015
2014-04-11 02:14:00,97.084,94.488,2.2336116696751547,1.1700000000000017
2014-04-11 02:19:00,94.918,94.75900000000001,2.049814980564202,-2.165999999999997
2014-04-11 02:24:00,93.766,94.59366666666666,2.0426164741835433,-1.152000000000001
2014-04-11 02:29:00,96.056,94.5115,1.9530435223004987,2.289999999999992
2014-04-11 02:34:00,96.376,94.74083333333333,2.0003578694974977,0.3200000000000074
2014-04-11 02:39:00,96.166,94.97133333333335,1.9911497516091858,-0.21000000000000796
2014-04-11 02:44:00,94.166,95.339,1.1838803686491035,-2.0
2014-04-11 02:49:00,96.496,95.51916666666666,1.1815399684182177,2.3299999999999983
2014-04-11 02:54:00,95.042,95.39583333333333,1.1439915633297784,-1.4539999999999935
2014-04-11 02:59:00,95.584,95.56816666666668,0.9789201688440841,0.5420000000000016
2014-04-11 03:04:00,96.726,95.69116666666667,1.0268633469616977,1.141999999999996
2014-04-11 03:09:00,96.056,95.70300000000002,1.0304765005481036,-0.6700000000000017
2014-04-11 03:14:00,95.172,95.54366666666668,0.9415101344825565,-0.8840000000000003
2014-04-11 03:19:00,93.876,95.45683333333334,1.0466408460432253,-1.2959999999999923
2014-04-11 03:24:00,95.958,95.6395,0.9066357893583822,2.0819999999999936
2014-04-11 03:29:00,95.708,95.6105,0.8976231746319846,-0.25
2014-04-11 03:34:00,94.008,95.41316666666667,0.9713033262144045,-1.7000000000000028
2014-04-11 03:39:00,92.084,95.073,1.3316348120739583,-1.9239999999999924
2014-04-11 03:44:00,96.932,95.3035,1.398097180911516,4.847999999999999
2014-04-11 03:49:00,92.79,94.99466666666667,1.5151514375757436,-4.141999999999996
2014-04-11 03:54:00,94.006,94.90833333333332,1.5414958103521683,1.215999999999994
2014-04-11 03:59:00,94.874,94.84916666666665,1.5267597199376826,0.867999999999995
2014-04-11 04:04:00,93.126,94.54916666666666,1.477336290473984,-1.7479999999999905
2014-04-11 04:09:00,95.834,94.53066666666666,1.4580151722201518,2.7079999999999984
2014-04-11 04:14:00,93.624,94.40166666666666,1.4645798239105863,-2.210000000000008
2014-04-11 04:19:00,95.554,94.5415,1.4897175144057324,1.9300000000000068
2014-04-11 04:24:00,95.758,94.52483333333333,1.4734593700375431,0.20399999999999352
2014-04-11 04:29:00,95.402,94.49933333333333,1.4536362764606352,-0.35599999999999454
2014-04-11 04:34:00,93.916,94.49166666666667,1.4567025860628997,-1.4860000000000042
2014-04-11 04:39:00,98.042,94.98816666666666,1.572249912666169,4.126000000000005
2014-04-11 04:44:00,93.29,94.68466666666666,1.5133227339102646,-4.751999999999995
2014-04-11 04:49:00,92.792,94.68483333333332,1.5130951921825675,-0.49800000000000466
2014-04-11 04:54:00,97.374,94.9655,1.6790025448028756,4.581999999999994
2014-04-11 04:59:00,97.374,95.17383333333333,1.816120031742669,0.0
2014-04-11 05:04:00,96.386,95.4455,1.723403213517866,-0.9879999999999995
2014-04-11 05:09:00,95.584,95.42466666666667,1.7197871608975184,-0.8019999999999925
2014-04-11 05:14:00,96.618,95.67416666666666,1.650591840596133,1.0339999999999918
2014-04-11 05:19:00,94.5,95.58633333333331,1.6852471808628409,-2.117999999999995
2014-04-11 05:24:00,93.792,95.42250000000001,1.7609064039966549,-0.7079999999999984
2014-04-11 05:29:00,96.084,95.47933333333333,1.771160550873289,2.2920000000000016
2014-04-11 05:34:00,97.584,95.78499999999998,1.793207689639419,1.5
2014-04-11 05:39:00,97.216,95.71616666666667,1.7127433514332782,-0.3680000000000092
2014-04-11 05:44:00,92.916,95.685,1.7635547778692797,-4.299999999999997
2014-04-11 05:49:00,97.042,96.03916666666667,1.542670991455713,4.126000000000005
2014-04-11 05:54:00,97.166,96.02183333333335,1.5274024196377702,0.12399999999999523
2014-04-11 05:59:00,94.852,95.81166666666667,1.4976543680237902,-2.313999999999993
2014-04-11 06:04:00,92.626,95.49833333333333,1.7402490591518422,-2.225999999999999
2014-04-11 06:09:00,96.916,95.60933333333332,1.7880340312672451,4.289999999999992
2014-04-11 06:14:00,95.416,95.50916666666667,1.7598370706265969,-1.5
2014-04-11 06:19:00,92.77,95.36500000000001,1.9141221581612027,-2.646000000000001
2014-04-11 06:24:00,93.626,95.35116666666666,1.9270796479899392,0.8560000000000088
2014-04-11 06:29:00,95.708,95.31983333333335,1.9171119298348764,2.0819999999999936
2014-04-11 06:34:00,94.528,95.06516666666668,1.787603465960825,-1.1799999999999926
2014-04-11 06:39:00,93.562,94.76066666666667,1.6968304856318583,-0.9660000000000082
2014-04-11 06:44:00,94.102,94.85950000000001,1.6120399555165457,0.5400000000000063
2014-04-11 06:49:00,93.986,94.60483333333333,1.4711416613904682,-0.11599999999999966
2014-04-11 06:54:00,94.584,94.38966666666668,1.231855019017525,0.597999999999999
2014-04-11 06:59:00,92.224,94.17066666666666,1.3682424913557336,-2.3599999999999994
2014-04-11 07:04:00,92.958,94.19833333333334,1.3371728203620459,0.7339999999999947
2014-04-11 07:09:00,93.042,93.87549999999999,1.060406482953905,0.08400000000000318
2014-04-11 07:14:00,88.542,93.30266666666667,1.7710938239779859,-4.5
2014-04-11 07:19:00,92.042,93.242,1.8031761876300336,3.5
2014-04-11 07:24:00,94.542,93.31833333333333,1.8399236808940704,2.5
2014-04-11 07:29:00,95.958,93.33916666666666,1.8706011592451586,1.4159999999999968
2014-04-11 07:34:00,96.876,93.53483333333332,2.1133144081935504,0.9180000000000064
2014-04-11 07:39:00,94.708,93.63033333333334,2.1403741106014667,-2.1680000000000064
2014-04-11 07:44:00,94.0,93.62183333333333,2.1385324548871694,-0.7079999999999984
2014-04-11 07:49:00,93.958,93.6195,2.1381142286007866,-0.04200000000000159
2014-04-11 07:54:00,95.342,93.68266666666666,2.1799858770740044,1.3840000000000003
2014-04-11 07:59:00,91.304,93.606,2.2509702150607382,-4.037999999999997
2014-04-11 08:04:00,92.352,93.5555,2.273514400058288,1.0480000000000018
2014-04-11 08:09:00,90.41,93.33616666666667,2.44783295008356,-1.9420000000000073
2014-04-11 08:14:00,92.476,93.66399999999999,1.9627648402652598,2.0660000000000025
2014-04-11 08:19:00,94.716,93.88683333333334,1.9130382229385738,2.239999999999995
2014-04-11 08:24:00,94.542,93.88683333333334,1.9130382229385738,-0.17399999999999238
2014-04-11 08:29:00,93.042,93.64383333333332,1.8083717353832482,-1.5
2014-04-11 08:34:00,91.292,93.1785,1.60844614457544,-1.75
2014-04-11 08:39:00,95.604,93.25316666666667,1.7038690641825747,4.311999999999998
2014-04-11 08:44:00,96.782,93.485,1.9813863833184238,1.1779999999999973
2014-04-11 08:49:00,96.458,93.69333333333333,2.1591029001261237,-0.32399999999999807
2014-04-11 08:54:00,94.916,93.65783333333333,2.1328740248923057,-1.5420000000000016
2014-04-11 08:59:00,92.916,93.79216666666667,2.0188634891637705,-2.0
2014-04-11 09:04:00,92.416,93.7975,2.014793492688902,-0.5
2014-04-11 09:09:00,96.428,94.29899999999999,1.8359953456070484,4.0120000000000005
2014-04-11 09:14:00,95.374,94.5405,1.76357325800873,-1.054000000000002
2014-04-11 09:19:00,93.106,94.40633333333334,1.8096478478790274,-2.2680000000000007
2014-04-11 09:24:00,91.39,94.14366666666666,2.0062405970703354,-1.715999999999994
2014-04-11 09:29:00,93.374,94.17133333333334,1.991905133435293,1.9839999999999947
2014-04-11 09:34:00,92.744,94.29233333333333,1.8393569693253942,-0.6299999999999955
2014-04-11 09:39:00,96.12,94.33533333333332,1.878424936595575,3.3760000000000048
2014-04-11 09:44:00,95.542,94.23200000000001,1.7621014314009527,-0.578000000000003
2014-04-11 09:49:00,96.4,94.22716666666668,1.7555077915123136,0.8580000000000041
2014-04-11 09:54:00,94.246,94.17133333333334,1.7422122474461428,-2.1540000000000106
2014-04-11 09:59:00,93.13,94.18916666666667,1.7292414434360508,-1.1159999999999997
2014-04-11 10:04:00,92.404,94.18816666666667,1.7303631690976098,-0.7259999999999991
2014-04-11 10:09:00,96.166,94.16633333333334,1.7009348944481495,3.7620000000000005
2014-04-11 10:14:00,93.594,94.01800000000001,1.6632402111540578,-2.5720000000000027
2014-04-11 10:19:00,89.416,93.71050000000001,2.1243615725456975,-4.177999999999997
2014-04-11 10:24:00,94.084,93.935,1.9952674006257358,4.668000000000006
2014-04-11 10:29:00,94.524,94.03083333333332,1.993489486637221,0.4399999999999977
2014-04-11 10:34:00,94.492,94.17649999999999,1.9543916281962168,-0.031999999999996476
2014-04-11 10:39:00,93.584,93.96516666666668,1.8599617705422262,-0.9080000000000013
2014-04-11 10:44:00,92.958,93.74983333333334,1.8097110685175415,-0.6260000000000048
2014-04-11 10:49:00,92.75,93.44566666666667,1.6206528052458393,-0.2079999999999984
2014-04-11 10:54:00,93.416,93.37650000000001,1.6009829083181852,0.6659999999999968
2014-04-11 10:59:00,94.75,93.5115,1.6459771621081276,1.3340000000000032
2014-04-11 11:04:00,93.672,93.61716666666666,1.6086942097881083,-1.078000000000003
2014-04-11 11:09:00,93.374,93.3845,1.3941384110233073,-0.2980000000000018
2014-04-11 11:14:00,95.122,93.51183333333331,1.4820223181568013,1.7480000000000047
2014-04-11 11:19:00,92.666,93.78266666666667,0.8101440201180856,-2.456000000000003
2014-04-11 11:24:00,95.666,93.91449999999999,0.9754835164721527,3.0
2014-04-11 11:29:00,96.834,94.10700000000001,1.2853921934214922,1.1680000000000064
2014-04-11 11:34:00,94.256,94.08733333333333,1.2807632194290417,-2.578000000000003
2014-04-11 11:39:00,93.394,94.0715,1.2887011431528461,-0.8619999999999948
2014-04-11 11:44:00,94.126,94.16883333333332,1.2401488058317411,0.7319999999999993
2014-04-11 11:49:00,96.172,94.454,1.2771206250425096,2.0459999999999923
2014-04-11 11:54:00,93.7,94.47766666666666,1.2586341322194312,-2.471999999999994
2014-04-11 11:59:00,93.064,94.33716666666668,1.3181655181854777,-0.6360000000000099
2014-04-11 12:04:00,96.0,94.53116666666666,1.3811753778004865,2.936000000000007
2014-04-11 12:09:00,95.436,94.70299999999999,1.3520848547873685,-0.563999999999993
2014-04-11 12:14:00,95.98,94.7745,1.398157521363524,0.5439999999999969
2014-04-11 12:19:00,94.534,94.93016666666665,1.2367321921707546,-1.445999999999998
2014-04-11 12:24:00,87.5,94.24966666666667,2.4482560521664243,-7.034000000000006
2014-04-11 12:29:00,91.208,93.78083333333332,2.447054549799963,3.7079999999999984
2014-04-11 12:34:00,93.392,93.70883333333335,2.444512140706264,2.1839999999999975
2014-04-11 12:39:00,91.524,93.553,2.5246962733617986,-1.867999999999995
2014-04-11 12:44:00,93.832,93.52850000000001,2.520052542742213,2.3079999999999927
2014-04-11 12:49:00,90.668,93.06983333333334,2.4959454333098248,-3.1639999999999873
2014-04-11 12:54:00,92.25,92.949,2.497762416826033,1.5819999999999936
2014-04-11 12:59:00,93.996,93.02666666666666,2.516086186315812,1.7459999999999951
2014-04-11 13:04:00,91.5,92.65166666666666,2.363358293666427,-2.495999999999995
2014-04-11 13:09:00,92.816,92.43333333333334,2.1979855791292193,1.3160000000000025
2014-04-11 13:14:00,91.148,92.03066666666666,1.9133525709093366,-1.6680000000000064
2014-04-11 13:19:00,89.06200000000004,91.57466666666666,1.914565478038334,-2.085999999999956
2014-04-11 13:24:00,91.1,91.87466666666667,1.4417026129690098,2.037999999999954
2014-04-11 13:29:00,93.0,92.024,1.4590749248626387,1.9000000000000057
2014-04-11 13:34:00,87.834,91.56083333333333,1.8222935515108338,-5.165999999999997
2014-04-11 13:39:00,90.584,91.4825,1.8440938893468617,2.75
2014-04-11 13:44:00,92.624,91.38183333333335,1.733854656450797,2.039999999999992
2014-04-11 13:49:00,89.292,91.26716666666665,1.8282837373453678,-3.3319999999999936
2014-04-11 13:54:00,91.416,91.19766666666668,1.8032057984362904,2.1239999999999952
2014-04-11 13:59:00,91.624,91.0,1.58542474951122,0.2079999999999984
2014-04-11 14:04:00,88.5,90.75,1.7294057833936478,-3.1239999999999952
2014-04-11 14:09:00,91.5,90.64033333333333,1.6250625349269654,3.0
2014-04-11 14:14:00,93.126,90.80516666666666,1.7746672842242897,1.6260000000000048
2014-04-11 14:19:00,91.536,91.01133333333333,1.6956981578168153,-1.5900000000000034
2014-04-11 14:24:00,92.892,91.16066666666667,1.780979165481145,1.3559999999999945
2014-04-11 14:29:00,89.35,90.8565,1.749699013077021,-3.5420000000000016
2014-04-11 14:34:00,88.584,90.919,1.6419995570808248,-0.7659999999999911
2014-04-11 14:39:00,89.52799999999998,90.831,1.6892041159829114,0.9439999999999742
2014-04-11 14:44:00,89.042,90.53249999999998,1.6597908137634507,-0.4859999999999758
2014-04-11 14:49:00,92.55,90.80399999999999,1.7042961757114035,3.5079999999999956
2014-04-11 14:54:00,90.712,90.74533333333333,1.6933962288483562,-1.8379999999999939
2014-04-11 14:59:00,92.208,90.794,1.7289622741556867,1.4959999999999951
2014-04-11 15:04:00,93.084,91.176,1.681800766494344,0.8760000000000048
2014-04-11 15:09:00,90.82,91.11933333333333,1.6813473673503945,-2.26400000000001
2014-04-11 15:14:00,88.542,90.73733333333332,1.7045678382365905,-2.2779999999999916
2014-04-11 15:19:00,89.75,90.5885,1.7064638876926224,1.2079999999999984
2014-04-11 15:24:00,96.708,90.9065,2.3924291383063503,6.957999999999998
2014-04-11 15:29:00,93.75,91.27316666666667,2.468167440663349,-2.9579999999999984
2014-04-11 15:34:00,92.458,91.596,2.334171295420036,-1.2920000000000016
2014-04-11 15:39:00,94.534,92.01316666666668,2.377905794958298,2.0760000000000076
2014-04-11 15:44:00,95.454,92.5475,2.36996649381749,0.9199999999999875
2014-04-11 15:49:00,92.084,92.50866666666667,2.373736652825893,-3.3699999999999903
2014-04-11 15:54:00,92.584,92.66466666666668,2.305458240126918,0.5
2014-04-11 15:59:00,90.124,92.491,2.4186967941057764,-2.460000000000008
2014-04-11 16:04:00,88.48200000000001,92.1075,2.6681045536279506,-1.6419999999999817
2014-04-11 16:09:00,89.376,91.98716666666667,2.7623487316323376,0.8939999999999912
2014-04-11 16:14:00,90.626,92.16083333333334,2.58594023109336,1.25
2014-04-11 16:19:00,86.064,91.85366666666668,3.071644490950592,-4.562000000000012
2014-04-11 16:24:00,89.012,91.21233333333333,2.75284670290521,2.9480000000000075
2014-04-11 16:29:00,87.656,90.7045,2.8037772087601134,-1.3559999999999945
2014-04-11 16:34:00,91.634,90.63583333333334,2.766774618193139,3.9779999999999944
2014-04-11 16:39:00,87.08,90.01466666666666,2.646155541821765,-4.554000000000002
2014-04-11 16:44:00,88.958,89.47333333333334,2.0234360215564338,1.8780000000000001
2014-04-11 16:49:00,90.084,89.30666666666667,1.8650183198381982,1.1260000000000048
2014-04-11 16:54:00,92.126,89.2685,1.7952329046162614,2.0420000000000016
2014-04-11 16:59:00,93.624,89.56016666666666,2.1881735776805753,1.4979999999999905
2014-04-11 17:04:00,88.416,89.55466666666666,2.191210762582963,-5.207999999999998
2014-04-11 17:09:00,90.75,89.66916666666667,2.2167754564324387,2.334000000000003
2014-04-11 17:14:00,90.104,89.62566666666667,2.201360543487381,-0.6460000000000008
2014-04-11 17:19:00,90.5,89.99533333333333,1.900837582527868,0.3960000000000008
2014-04-11 17:24:00,88.916,89.98733333333332,1.905548517229101,-1.5840000000000032
2014-04-11 17:29:00,88.666,90.0715,1.8132859424508319,-0.25
2014-04-11 17:34:00,90.394,89.96816666666666,1.7503903893561552,1.7280000000000086
2014-04-11 17:39:00,92.666,90.43366666666667,1.6525200223420513,2.2719999999999914
2014-04-11 17:44:00,92.75,90.74966666666667,1.7063672914505623,0.08400000000000318
2014-04-11 17:49:00,90.334,90.77049999999998,1.6990115040540748,-2.415999999999997
2014-04-11 17:54:00,92.25,90.78083333333332,1.7083564580841395,1.9159999999999968
2014-04-11 17:59:00,97.084,91.06916666666666,2.388456703447115,4.834000000000003
2014-04-11 18:04:00,93.012,91.45216666666666,2.290831918493137,-4.072000000000003
2014-04-11 18:09:00,94.212,91.74066666666666,2.4092977978628904,1.2000000000000028
2014-04-11 18:14:00,95.612,92.19966666666666,2.587245756796161,1.3999999999999915
2014-04-11 18:19:00,95.834,92.64416666666666,2.723313417456052,0.2220000000000084
2014-04-11 18:24:00,96.084,93.24150000000002,2.6152061799475064,0.25
2014-04-11 18:29:00,93.754,93.66550000000001,2.1826272950483836,-2.3299999999999983
2014-04-11 18:34:00,95.042,94.05283333333334,1.94922352061858,1.2879999999999967
2014-04-11 18:39:00,95.75,94.30983333333332,1.9530553142718332,0.7079999999999984
2014-04-11 18:44:00,95.834,94.56683333333332,1.9319347736650927,0.08400000000000318
2014-04-11 18:49:00,96.292,95.06333333333335,1.4509328242911697,0.4579999999999984
2014-04-11 18:54:00,95.918,95.36900000000001,1.1619611947829183,-0.3739999999999952
2014-04-11 18:59:00,95.334,95.22316666666667,1.029407758535384,-0.5840000000000032
2014-04-11 19:04:00,93.292,95.24650000000001,0.9765475829767312,-2.0420000000000016
2014-04-11 19:09:00,95.376,95.3435,0.9206602867702547,2.084000000000003
2014-04-11 19:14:00,95.626,95.34466666666667,0.9210402551000015,0.25
2014-04-11 19:19:00,96.674,95.41466666666668,0.9908832912958164,1.0480000000000018
2014-04-11 19:24:00,92.43,95.11016666666666,1.284450065084846,-4.244
2014-04-11 19:29:00,93.542,95.09250000000002,1.3060747925122271,1.1119999999999948
2014-04-11 19:34:00,94.958,95.08550000000001,1.3065950544691072,1.4159999999999968
2014-04-11 19:39:00,96.416,95.141,1.3507844185709434,1.4579999999999984
2014-04-11 19:44:00,96.818,95.22300000000001,1.424531693383495,0.402000000000001
2014-04-11 19:49:00,94.074,95.03816666666665,1.4170929162665442,-2.7439999999999998
2014-04-11 19:54:00,94.98,94.96,1.3897557666397964,0.9060000000000059
2014-04-11 19:59:00,97.25,95.11966666666666,1.5387106369431252,2.269999999999996
2014-04-11 20:04:00,94.96,95.25866666666667,1.4301052302877852,-2.2900000000000063
2014-04-11 20:09:00,96.708,95.36966666666667,1.4904593150087964,1.7480000000000047
2014-04-11 20:14:00,95.374,95.34866666666669,1.488293063352699,-1.3340000000000032
2014-04-11 20:19:00,94.376,95.15716666666668,1.4495981783885405,-0.9979999999999905
2014-04-11 20:24:00,93.086,95.21183333333335,1.346075631627031,-1.2900000000000063
2014-04-11 20:29:00,93.458,95.20483333333333,1.355732464445334,0.3719999999999999
2014-04-11 20:34:00,94.958,95.20483333333334,1.355732464445334,1.5
2014-04-11 20:39:00,95.718,95.14666666666665,1.3133555451127032,0.7600000000000051
2014-04-11 20:44:00,95.142,95.00699999999999,1.2040279368547708,-0.5760000000000076
2014-04-11 20:49:00,95.494,95.12533333333334,1.1733852605587245,0.35200000000000387
2014-04-11 20:54:00,93.792,95.02633333333334,1.2352477361632594,-1.7019999999999982
2014-04-11 20:59:00,95.376,94.87016666666666,1.0299657393534511,1.5840000000000032
2014-04-11 21:04:00,92.144,94.6355,1.294471355769817,-3.2319999999999993
2014-04-11 21:09:00,93.466,94.36533333333334,1.153209382023628,1.3219999999999885
2014-04-11 21:14:00,94.642,94.30433333333333,1.113687350718751,1.176000000000002
2014-04-11 21:19:00,93.894,94.26416666666665,1.1195442119111125,-0.7479999999999905
2014-04-11 21:24:00,93.542,94.30216666666666,1.0830634862051944,-0.35200000000000387
2014-04-11 21:29:00,94.208,94.36466666666666,1.0510889014671017,0.6659999999999968
2014-04-11 21:34:00,91.166,94.04866666666668,1.3762207363467984,-3.0420000000000016
2014-04-11 21:39:00,90.126,93.58266666666667,1.674096409373767,-1.039999999999992
2014-04-11 21:44:00,95.618,93.62233333333334,1.7194281995281717,5.49199999999999
2014-04-11 21:49:00,91.71,93.307,1.691729292765045,-3.9080000000000013
2014-04-11 21:54:00,94.014,93.32549999999999,1.6987146210107467,2.304000000000002
2014-04-11 21:59:00,93.958,93.20733333333334,1.5888786974312483,-0.055999999999997385
2014-04-11 22:04:00,90.75,93.09116666666667,1.7192959358850386,-3.2079999999999984
2014-04-11 22:09:00,93.708,93.11133333333333,1.7255003666040793,2.9579999999999984
2014-04-11 22:14:00,89.78399999999998,92.70649999999999,1.8952666638950828,-3.924000000000021
2014-04-11 22:19:00,92.874,92.62149999999998,1.8597065506538155,3.0900000000000176
2014-04-11 22:24:00,91.184,92.425,1.878087324913099,-1.6899999999999977
2014-04-11 22:29:00,94.916,92.484,1.9489753018629994,3.7319999999999993
2014-04-11 22:34:00,89.666,92.359,2.0845765211971727,-5.25
2014-04-11 22:39:00,90.458,92.38666666666666,2.05422798298043,0.7920000000000016
2014-04-11 22:44:00,90.084,91.9255,1.87633688097535,-0.3739999999999952
2014-04-11 22:49:00,91.048,91.87033333333333,1.8929074958586851,0.9639999999999986
2014-04-11 22:54:00,90.792,91.60183333333333,1.7867307796047713,-0.2560000000000002
2014-04-11 22:59:00,90.626,91.32416666666666,1.640177919025794,-0.16599999999999682
2014-04-11 23:04:00,88.708,91.154,1.8030075883466299,-1.9180000000000064
2014-04-11 23:09:00,92.33,91.03916666666667,1.66408641784607,3.622
2014-04-11 23:14:00,91.292,91.16483333333333,1.6169554912257849,-1.0379999999999967
2014-04-11 23:19:00,93.416,91.21,1.6755464780181903,2.1239999999999952
2014-04-11 23:24:00,90.5,91.153,1.688098769191132,-2.915999999999997
2014-04-11 23:29:00,89.874,90.73283333333335,1.2322796194878878,-0.6260000000000048
2014-04-11 23:34:00,91.124,90.85433333333333,1.1886346126642107,1.25
2014-04-11 23:39:00,91.584,90.94816666666667,1.1989029707747383,0.46000000000000796
2014-04-11 23:44:00,94.708,91.3335,1.578803718584851,3.1239999999999952
2014-04-11 23:49:00,91.5,91.37116666666667,1.5767636493970105,-3.2079999999999984
2014-04-11 23:54:00,91.446,91.42566666666666,1.5661923330937357,-0.054000000000002046
2014-04-11 23:59:00,90.708,91.4325,1.5625608642688549,-0.7379999999999995
2014-04-12 00:04:00,93.328,91.8175,1.3898620271612032,2.6200000000000045
2014-04-12 00:09:00,90.864,91.69533333333334,1.405065209313586,-2.4639999999999986
2014-04-12 00:14:00,96.836,92.15733333333333,2.031988248593838,5.971999999999994
2014-04-12 00:19:00,94.402,92.2395,2.1060952451912995,-2.4339999999999975
2014-04-12 00:24:00,95.47,92.65366666666667,2.2185964167926757,1.0679999999999978
2014-04-12 00:29:00,94.416,93.03216666666667,2.0846625117457376,-1.054000000000002
2014-04-12 00:34:00,96.176,93.45316666666668,2.172549647233926,1.7600000000000051
2014-04-12 00:39:00,95.792,93.80383333333333,2.1830013464922993,-0.38400000000000034
2014-04-12 00:44:00,92.2,93.59483333333334,2.208476144038504,-3.5919999999999987
2014-04-12 00:49:00,95.962,93.96666666666668,2.1993194539687457,3.7620000000000005
2014-04-12 00:54:00,96.798,94.41266666666667,2.1842985698900206,0.8359999999999985
2014-04-12 00:59:00,91.952,94.51633333333335,2.0154883610015433,-4.846000000000004
2014-04-12 01:04:00,91.148,94.33466666666665,2.220188908151317,-0.804000000000002
2014-04-12 01:09:00,96.458,94.80083333333334,2.0017471383918544,5.310000000000002
2014-04-12 01:14:00,95.042,94.65133333333334,1.9003579248193245,-1.4159999999999968
2014-04-12 01:19:00,95.458,94.73933333333333,1.9121757875319967,0.4159999999999968
2014-04-12 01:24:00,95.162,94.71366666666667,1.903524163866488,-0.29599999999999227
2014-04-12 01:29:00,92.084,94.51933333333334,2.050073228551508,-3.078000000000003
2014-04-12 01:34:00,96.97,94.58549999999998,2.1200233489278753,4.885999999999996
2014-04-12 01:39:00,97.042,94.68966666666667,2.2133485669426882,0.07200000000000273
2014-04-12 01:44:00,94.25,94.8605,2.0787384504679585,-2.7920000000000016
2014-04-12 01:49:00,97.042,94.95049999999999,2.152823283715707,2.7920000000000016
2014-04-12 01:54:00,94.916,94.79366666666665,2.0730719995096396,-2.1260000000000048
2014-04-12 01:59:00,95.126,95.05816666666665,1.8700937182801591,0.21000000000000796
2014-04-12 02:04:00,95.21,95.39666666666666,1.4086879345579395,0.08399999999998897
2014-04-12 02:09:00,96.666,95.414,1.4241294629604937,1.456000000000003
2014-04-12 02:14:00,95.63,95.46300000000001,1.4202769256218892,-1.0360000000000014
2014-04-12 02:19:00,95.188,95.4405,1.4225002636201578,-0.44199999999999307
2014-04-12 02:24:00,94.416,95.37833333333333,1.4517775520393872,-0.7720000000000056
2014-04-12 02:29:00,95.78,95.68633333333334,1.0159892029965165,1.3640000000000043
2014-04-12 02:34:00,96.958,95.68533333333335,1.0146158550568634,1.1779999999999973
2014-04-12 02:39:00,94.076,95.43816666666665,1.015346410508628,-2.882000000000005
2014-04-12 02:44:00,96.334,95.61183333333332,0.9708977882099388,2.2580000000000098
2014-04-12 02:49:00,96.074,95.53116666666666,0.876937007515901,-0.2600000000000051
2014-04-12 02:54:00,95.708,95.59716666666668,0.8559827773681825,-0.36599999999999966
2014-04-12 02:59:00,95.3,95.61166666666666,0.8487187491454098,-0.40800000000000125
2014-04-12 03:04:00,92.126,95.35466666666667,1.3183842268839463,-3.1739999999999924
2014-04-12 03:09:00,94.576,95.1805,1.2664275093202273,2.4499999999999886
2014-04-12 03:14:00,94.674,95.10083333333334,1.265649515849111,0.09800000000001319
2014-04-12 03:19:00,94.084,95.00883333333333,1.2984375108939024,-0.5900000000000034
2014-04-12 03:24:00,94.834,95.04366666666665,1.2866409637876277,0.75
2014-04-12 03:29:00,97.126,95.15583333333332,1.4094758428275926,2.2920000000000016
2014-04-12 03:34:00,97.792,95.22533333333332,1.52245169102818,0.6659999999999968
2014-04-12 03:39:00,97.458,95.50716666666669,1.6013381809275702,-0.3340000000000032
2014-04-12 03:44:00,96.208,95.49666666666667,1.595827362121736,-1.25
2014-04-12 03:49:00,96.916,95.56683333333332,1.6413804518996338,0.7079999999999984
2014-04-12 03:54:00,96.792,95.65716666666667,1.6792479828418017,-0.12399999999999523
2014-04-12 03:59:00,95.212,95.64983333333333,1.6811406210898179,-1.5799999999999983
2014-04-12 04:04:00,97.42,96.09100000000001,1.330383540049975,2.2079999999999984
2014-04-12 04:09:00,95.094,96.13416666666666,1.2843656965303099,-2.3260000000000076
2014-04-12 04:14:00,95.306,96.18683333333333,1.2308916083533539,0.2120000000000033
2014-04-12 04:19:00,96.246,96.367,1.0382725163373052,0.9399999999999977
2014-04-12 04:24:00,94.576,96.34550000000002,1.0749271856944709,-1.6700000000000017
2014-04-12 04:29:00,94.5,96.12666666666667,1.1651057956902717,-0.0759999999999934
2014-04-12 04:34:00,95.916,95.97033333333333,1.0405396618477882,1.4159999999999968
2014-04-12 04:39:00,96.25,95.86966666666667,0.9367936935323217,0.3340000000000032
2014-04-12 04:44:00,96.376,95.88366666666667,0.9435406560909165,0.12600000000000477
2014-04-12 04:49:00,95.614,95.77516666666668,0.8872172874504908,-0.7620000000000005
2014-04-12 04:54:00,93.968,95.53983333333332,0.9641774481466595,-1.6460000000000008
2014-04-12 04:59:00,96.88,95.67883333333333,1.0305664667665613,2.911999999999992
2014-04-12 05:04:00,96.132,95.57150000000001,0.8902600743599913,-0.7479999999999905
2014-04-12 05:09:00,96.166,95.66083333333334,0.8917730890892107,0.033999999999991815
2014-04-12 05:14:00,95.846,95.70583333333333,0.8858448287400783,-0.3199999999999932
2014-04-12 05:19:00,95.548,95.64766666666667,0.8699249009729534,-0.2980000000000018
2014-04-12 05:24:00,94.0,95.59966666666666,0.9469160789666216,-1.5480000000000018
2014-04-12 05:29:00,93.584,95.52333333333333,1.072248049094671,-0.4159999999999968
2014-04-12 05:34:00,97.676,95.67,1.2383466984063929,4.091999999999999
2014-04-12 05:39:00,95.75,95.62833333333333,1.22540140609519,-1.926000000000002
2014-04-12 05:44:00,95.416,95.54833333333333,1.2032899849488652,-0.3340000000000032
2014-04-12 05:49:00,92.626,95.29933333333332,1.468415431268447,-2.789999999999992
2014-04-12 05:54:00,97.626,95.60416666666667,1.5446250403094512,5.0
2014-04-12 05:59:00,95.166,95.46133333333334,1.4943516279237061,-2.460000000000008
2014-04-12 06:04:00,93.292,95.22466666666666,1.5996600396408143,-1.8739999999999952
2014-04-12 06:09:00,92.052,94.88183333333335,1.8069895523836332,-1.2399999999999949
2014-04-12 06:14:00,92.392,94.594,1.9115153436711496,0.3399999999999892
2014-04-12 06:19:00,93.248,94.40233333333333,1.9224408411907208,0.8560000000000088
2014-04-12 06:24:00,90.458,94.10716666666667,2.236148874265317,-2.7900000000000063
2014-04-12 06:29:00,93.022,94.06033333333333,2.253916644959057,2.564000000000007
2014-04-12 06:34:00,93.084,93.67766666666667,1.9541219527091427,0.06199999999999761
2014-04-12 06:39:00,93.334,93.47633333333334,1.8424696535469938,0.25
2014-04-12 06:44:00,94.208,93.37566666666667,1.7579187763493407,0.8739999999999952
2014-04-12 06:49:00,89.666,93.129,2.0552052761882043,-4.542000000000002
2014-04-12 06:54:00,94.708,92.88583333333334,1.596109692820082,5.042000000000002
2014-04-12 06:59:00,92.772,92.68633333333334,1.4257190424055597,-1.9359999999999928
2014-04-12 07:04:00,94.774,92.80983333333334,1.5423687705090112,2.0019999999999953
2014-04-12 07:09:00,96.5,93.1805,1.8479032097830175,1.725999999999999
2014-04-12 07:14:00,95.042,93.40133333333334,1.9026405256106853,-1.4579999999999984
2014-04-12 07:19:00,92.584,93.346,1.917105583472372,-2.4579999999999984
2014-04-12 07:24:00,93.33,93.58533333333334,1.6895555807978682,0.7459999999999951
2014-04-12 07:29:00,96.042,93.83699999999999,1.8180512043991996,2.7120000000000033
2014-04-12 07:34:00,93.5,93.87166666666667,1.8063159561196753,-2.5420000000000016
2014-04-12 07:39:00,95.708,94.0695,1.8709241518077142,2.2079999999999984
2014-04-12 07:44:00,95.126,94.146,1.8957059610889915,-0.5819999999999936
2014-04-12 07:49:00,96.0,94.67383333333333,1.3332916091953912,0.8739999999999952
2014-04-12 07:54:00,93.916,94.60783333333332,1.3509324613580156,-2.084000000000003
2014-04-12 07:59:00,94.708,94.76916666666666,1.2211251021704754,0.7920000000000016
2014-04-12 08:04:00,95.334,94.81583333333334,1.2319788836243566,0.6260000000000048
2014-04-12 08:09:00,97.17,94.87166666666667,1.3267789658574554,1.8359999999999985
2014-04-12 08:14:00,95.604,94.9185,1.3431558834595818,-1.5660000000000025
2014-04-12 08:19:00,95.644,95.1735,1.1338151605006992,0.04000000000000625
2014-04-12 08:24:00,93.238,95.16583333333334,1.1476405703822452,-2.406000000000006
2014-04-12 08:29:00,95.72,95.13900000000001,1.1289037321060806,2.4819999999999993
2014-04-12 08:34:00,95.708,95.323,1.0112920628399438,-0.012000000000000455
2014-04-12 08:39:00,96.416,95.382,1.0554826556429426,0.7079999999999984
2014-04-12 08:44:00,95.708,95.4305,1.0560213926893869,-0.7079999999999984
2014-04-12 08:49:00,95.584,95.39583333333333,1.0423663492554098,-0.12399999999999523
2014-04-12 08:54:00,96.726,95.63,0.9942211204571734,1.141999999999996
2014-04-12 08:59:00,96.714,95.79716666666667,0.9937471631365461,-0.012000000000000455
2014-04-12 09:04:00,95.232,95.78866666666666,0.9984938961283482,-1.4819999999999993
2014-04-12 09:09:00,94.426,95.56,0.9671047701066849,-0.8059999999999974
2014-04-12 09:14:00,93.626,95.39516666666667,1.116023283671271,-0.7999999999999972
2014-04-12 09:19:00,95.958,95.42133333333334,1.1260241668107593,2.3319999999999936
2014-04-12 09:24:00,94.666,95.54033333333332,0.9332682877764354,-1.2920000000000016
2014-04-12 09:29:00,93.596,95.36333333333333,1.085151462685799,-1.0699999999999932
2014-04-12 09:34:00,93.334,95.16550000000001,1.2241075784569602,-0.26200000000000045
2014-04-12 09:39:00,94.292,94.98849999999999,1.1796045947686744,0.9579999999999984
2014-04-12 09:44:00,95.208,94.94683333333334,1.160556436552572,0.9159999999999968
2014-04-12 09:49:00,96.416,95.01616666666666,1.2251377535407555,1.2079999999999984
2014-04-12 09:54:00,94.172,94.80333333333334,1.1182819073211177,-2.2439999999999998
2014-04-12 09:59:00,94.87,94.64966666666665,0.9451567771182918,0.6980000000000075
2014-04-12 10:04:00,93.5,94.50533333333333,0.9797574220488878,-1.3700000000000045
2014-04-12 10:09:00,91.458,94.258,1.3178850825881323,-2.0420000000000016
2014-04-12 10:14:00,91.292,94.06350000000002,1.5681141250209156,-0.16599999999999682
2014-04-12 10:19:00,92.916,93.81,1.4772603635843413,1.6239999999999952
2014-04-12 10:24:00,95.334,93.86566666666666,1.5242862611923573,2.4180000000000064
2014-04-12 10:29:00,94.208,93.91666666666667,1.5246816259813847,-1.1260000000000048
2014-04-12 10:34:00,96.292,94.16316666666667,1.6554251216326754,2.084000000000003
2014-04-12 10:39:00,94.416,94.1735,1.6566889486945036,-1.8760000000000048
2014-04-12 10:44:00,92.974,93.98733333333332,1.6553910459920664,-1.441999999999993
2014-04-12 10:49:00,94.25,93.80683333333333,1.4747302886431763,1.2759999999999962
2014-04-12 10:54:00,97.708,94.1015,1.857831996514199,3.4579999999999984
2014-04-12 10:59:00,95.096,94.12033333333333,1.8674513177701941,-2.6119999999999948
2014-04-12 11:04:00,95.406,94.27916666666665,1.8908032844813067,0.3100000000000023
2014-04-12 11:09:00,94.572,94.53866666666666,1.6691095793500388,-0.8340000000000032
2014-04-12 11:14:00,95.494,94.88883333333335,1.3329942940155886,0.921999999999997
2014-04-12 11:19:00,94.208,94.99649999999998,1.2052147677335274,-1.2860000000000014
2014-04-12 11:24:00,94.124,94.89566666666666,1.2248677355928268,-0.08400000000000318
2014-04-12 11:29:00,95.046,94.9655,1.2058382599213913,0.9220000000000113
2014-04-12 11:34:00,96.584,94.98983333333332,1.2375687186304758,1.5379999999999967
2014-04-12 11:39:00,94.432,94.99116666666667,1.2369027178127943,-2.152000000000001
2014-04-12 11:44:00,96.43,95.27916666666668,1.1214910394267716,1.9980000000000047
2014-04-12 11:49:00,97.042,95.51183333333334,1.1768198930190985,0.6119999999999948
2014-04-12 11:54:00,96.312,95.39549999999998,0.9949268132057606,-0.730000000000004
2014-04-12 11:59:00,95.292,95.41183333333333,0.9911647724066948,-1.019999999999996
2014-04-12 12:04:00,94.042,95.29816666666666,1.0671905200384804,-1.25
2014-04-12 12:09:00,96.78,95.48216666666667,1.119662760374352,2.7379999999999995
2014-04-12 12:14:00,95.666,95.49650000000001,1.1209282273671717,-1.1140000000000043
2014-04-12 12:19:00,95.0,95.5625,1.0598151210982591,-0.6659999999999968
2014-04-12 12:24:00,94.672,95.60816666666666,1.0024502556989785,-0.32800000000000296
2014-04-12 12:29:00,95.75,95.66683333333333,0.9870412935389046,1.078000000000003
2014-04-12 12:34:00,96.834,95.68766666666666,1.0105187986493287,1.0840000000000032
2014-04-12 12:39:00,95.876,95.80799999999999,0.9301827777374999,-0.9579999999999984
2014-04-12 12:44:00,95.834,95.75833333333333,0.9096368239658057,-0.04200000000000159
2014-04-12 12:49:00,95.958,95.668,0.8199764963368728,0.12399999999999523
2014-04-12 12:54:00,93.03,95.39450000000001,1.0888967310578674,-2.9279999999999973
2014-04-12 12:59:00,93.042,95.207,1.2843297509169178,0.012000000000000455
2014-04-12 13:04:00,96.166,95.384,1.2552087837919657,3.1239999999999952
2014-04-12 13:09:00,96.0,95.319,1.195102886403643,-0.16599999999999682
2014-04-12 13:14:00,96.334,95.37466666666666,1.2278440331314004,0.3340000000000032
2014-04-12 13:19:00,95.126,95.38516666666668,1.2248839524498276,-1.2079999999999984
2014-04-12 13:24:00,94.25,95.35000000000001,1.2529566487455883,-0.8760000000000048
2014-04-12 13:29:00,93.334,95.14866666666667,1.3713542963290017,-0.9159999999999968
2014-04-12 13:34:00,95.124,95.00616666666667,1.2650304943022332,1.789999999999992
2014-04-12 13:39:00,95.626,94.98533333333334,1.2513882715048943,0.5020000000000095
2014-04-12 13:44:00,95.542,94.961,1.2361316493581316,-0.08400000000000318
2014-04-12 13:49:00,96.126,94.97499999999998,1.249330729921695,0.5840000000000032
2014-04-12 13:54:00,92.718,94.949,1.2958679786850276,-3.4080000000000013
2014-04-12 13:59:00,96.292,95.21983333333334,1.1969204297491658,3.573999999999998
2014-04-12 14:04:00,94.916,95.11566666666668,1.1609431380116677,-1.3760000000000048
2014-04-12 14:09:00,96.416,95.15033333333334,1.1954488950203894,1.5
2014-04-12 14:14:00,92.166,94.803,1.4070462937397146,-4.25
2014-04-12 14:19:00,93.666,94.68133333333334,1.439329978802004,1.5
2014-04-12 14:24:00,95.292,94.76816666666667,1.4423706391234725,1.6260000000000048
2014-04-12 14:29:00,95.25,94.92783333333334,1.3735875941443567,-0.04200000000000159
2014-04-12 14:34:00,94.334,94.86200000000001,1.3822353437291155,-0.9159999999999968
2014-04-12 14:39:00,93.126,94.65366666666667,1.4436534042194968,-1.2079999999999984
2014-04-12 14:44:00,96.876,94.76483333333334,1.5645742861779015,3.75
2014-04-12 14:49:00,94.458,94.62583333333335,1.5056360681440784,-2.4180000000000064
2014-04-12 14:54:00,93.958,94.72916666666667,1.4017644616910494,-0.5
2014-04-12 14:59:00,96.376,94.73616666666665,1.410461035737154,2.4180000000000064
2014-04-12 15:04:00,92.766,94.557,1.5179954485496894,-3.6099999999999994
2014-04-12 15:09:00,95.49,94.47983333333333,1.4362376248904312,2.7239999999999895
2014-04-12 15:14:00,92.452,94.50366666666667,1.3961645730897576,-3.0379999999999967
2014-04-12 15:19:00,92.126,94.37533333333333,1.5431965251227395,-0.3259999999999934
2014-04-12 15:24:00,95.062,94.35616666666665,1.5321653028152336,2.935999999999993
2014-04-12 15:29:00,95.064,94.34066666666666,1.523215577969539,0.001999999999995339
2014-04-12 15:34:00,92.75,94.20866666666666,1.5909725632357936,-2.313999999999993
2014-04-12 15:39:00,94.854,94.35266666666666,1.5620088076419085,2.103999999999999
2014-04-12 15:44:00,96.812,94.34733333333332,1.5526913486722993,1.9579999999999984
2014-04-12 15:49:00,93.456,94.26383333333332,1.5730085726709642,-3.3559999999999945
2014-04-12 15:54:00,94.496,94.30866666666667,1.5711652498778157,1.039999999999992
2014-04-12 15:59:00,94.638,94.16383333333334,1.4377076345431334,0.14200000000001012
2014-04-12 16:04:00,94.874,94.3395,1.378969608736016,0.23599999999999
2014-04-12 16:09:00,94.876,94.28833333333334,1.3433301451196784,0.0020000000000095497
2014-04-12 16:14:00,93.084,94.34100000000001,1.2754645499508008,-1.7920000000000016
2014-04-12 16:19:00,94.666,94.55266666666667,1.06841746465849,1.5819999999999936
2014-04-12 16:24:00,94.868,94.5365,1.0614549620040565,0.20199999999999818
2014-04-12 16:29:00,95.126,94.54166666666667,1.0644028059586896,0.2580000000000098
2014-04-12 16:34:00,91.542,94.44099999999999,1.2837732736668133,-3.584000000000003
2014-04-12 16:39:00,88.97200000000002,93.95083333333334,2.0222634408607,-2.569999999999979
2014-04-12 16:44:00,91.788,93.53216666666668,1.8919262830790666,2.815999999999974
2014-04-12 16:49:00,93.126,93.50466666666667,1.8955289659104053,1.338000000000008
2014-04-12 16:54:00,93.956,93.45966666666668,1.876166077807202,0.8299999999999983
2014-04-12 16:59:00,94.334,93.43433333333333,1.8607984275246185,0.3780000000000001
2014-04-12 17:04:00,93.238,93.298,1.8048204141332247,-1.0960000000000036
2014-04-12 17:09:00,94.042,93.2285,1.7538693068338467,0.804000000000002
2014-04-12 17:14:00,97.25,93.57566666666666,2.1006907666215446,3.2079999999999984
2014-04-12 17:19:00,93.876,93.50983333333333,2.0756441205444705,-3.3739999999999952
2014-04-12 17:24:00,97.382,93.71933333333334,2.33576264879685,3.5060000000000002
2014-04-12 17:29:00,96.664,93.84750000000001,2.4589149306885276,-0.7180000000000035
2014-04-12 17:34:00,97.004,94.30266666666667,2.498561962166884,0.3400000000000034
2014-04-12 17:39:00,96.876,94.96133333333334,1.9463454487988525,-0.1280000000000001
2014-04-12 17:44:00,95.042,95.2325,1.6712802115306564,-1.8340000000000032
2014-04-12 17:49:00,95.458,95.42683333333333,1.5340165836089594,0.4159999999999968
2014-04-12 17:54:00,96.792,95.66316666666667,1.5050026779396446,1.3340000000000032
2014-04-12 17:59:00,93.042,95.5555,1.6481419014369378,-3.75
2014-04-12 18:04:00,96.642,95.83916666666666,1.499216876380363,3.5999999999999943
2014-04-12 18:09:00,95.436,95.95533333333333,1.3978868034111247,-1.2059999999999889
2014-04-12 18:14:00,95.312,95.79383333333334,1.3456898084646078,-0.12400000000000944
2014-04-12 18:19:00,94.5,95.84583333333335,1.275045940942759,-0.8119999999999976
2014-04-12 18:24:00,94.782,95.62916666666666,1.2094989070106894,0.2819999999999965
2014-04-12 18:29:00,94.65,95.46133333333334,1.1924624890864388,-0.1319999999999908
2014-04-12 18:34:00,89.28399999999998,94.818,2.055032138655869,-5.366000000000028
2014-04-12 18:39:00,90.51,94.28749999999998,2.2843551904997215,1.2260000000000275
2014-04-12 18:44:00,91.334,93.9785,2.4197893409437135,0.8239999999999981
2014-04-12 18:49:00,95.166,93.95416666666665,2.404981868513387,3.8319999999999936
2014-04-12 18:54:00,94.292,93.74583333333334,2.239385379693995,-0.8739999999999952
2014-04-12 18:59:00,93.834,93.81183333333333,2.228400071528275,-0.4579999999999984
2014-04-12 19:04:00,95.542,93.72016666666667,2.1214539539634654,1.7079999999999984
2014-04-12 19:09:00,94.794,93.66666666666667,2.0819772653256012,-0.7480000000000047
2014-04-12 19:14:00,95.018,93.64216666666665,2.0624940697801106,0.22400000000000375
2014-04-12 19:19:00,94.876,93.67349999999999,2.079496989002885,-0.1419999999999959
2014-04-12 19:24:00,96.084,93.782,2.174393457746379,1.2079999999999984
2014-04-12 19:29:00,95.042,93.81466666666665,2.191496513731271,-1.0420000000000016
2014-04-12 19:34:00,93.584,94.173,1.6737182341338288,-1.4579999999999984
2014-04-12 19:39:00,95.668,94.60283333333335,1.2582468202246377,2.084000000000003
2014-04-12 19:44:00,95.666,94.96383333333334,0.7565613396185538,-0.0020000000000095497
2014-04-12 19:49:00,95.042,94.9535,0.7543927720655962,-0.6239999999999952
2014-04-12 19:54:00,95.702,95.07099999999998,0.7517971196341949,0.6599999999999966
2014-04-12 19:59:00,94.912,95.16083333333334,0.6477555421789992,-0.789999999999992
2014-04-12 20:04:00,94.512,95.075,0.6607673225461569,-0.4000000000000057
2014-04-12 20:09:00,94.542,95.05400000000002,0.6743740532046917,0.030000000000001137
2014-04-12 20:14:00,93.204,94.90283333333333,0.8607381434062895,-1.338000000000008
2014-04-12 20:19:00,96.506,95.03866666666669,0.9768961360377173,3.3020000000000067
2014-04-12 20:24:00,93.88,94.855,0.9696565465056025,-2.6260000000000048
2014-04-12 20:29:00,95.702,94.90999999999998,0.999486777391864,1.8220000000000027
2014-04-12 20:34:00,93.666,94.91683333333333,0.9898306405487021,-2.0360000000000014
2014-04-12 20:39:00,91.834,94.59733333333332,1.2965709554141576,-1.8319999999999936
2014-04-12 20:44:00,95.572,94.5895,1.2897938172081733,3.7379999999999995
2014-04-12 20:49:00,94.334,94.5305,1.2833904316299605,-1.2379999999999995
2014-04-12 20:54:00,95.542,94.51716666666668,1.2708832886353765,1.2079999999999984
2014-04-12 20:59:00,96.084,94.61483333333335,1.3467535263014547,0.5420000000000016
2014-04-12 21:04:00,95.334,94.68333333333332,1.3618675234818172,-0.75
2014-04-12 21:09:00,94.376,94.66949999999999,1.364274599124944,-0.9579999999999984
2014-04-12 21:14:00,92.248,94.58983333333333,1.480586728498333,-2.128
2014-04-12 21:19:00,95.626,94.5165,1.3964539832275387,3.378
2014-04-12 21:24:00,93.624,94.49516666666666,1.408961050712039,-2.0020000000000095
2014-04-12 21:29:00,92.38,94.21833333333335,1.4750878761699435,-1.2439999999999998
2014-04-12 21:34:00,92.374,94.11066666666669,1.563565699601076,-0.006000000000000227
2014-04-12 21:39:00,95.708,94.4335,1.4463031556977082,3.334000000000003
2014-04-12 21:44:00,94.586,94.35133333333333,1.4031062509712073,-1.1219999999999999
2014-04-12 21:49:00,92.586,94.20566666666667,1.492930451606051,-2.0
2014-04-12 21:54:00,91.458,93.86533333333334,1.620640127925293,-1.1280000000000001
2014-04-12 21:59:00,95.292,93.79933333333332,1.5359877682591436,3.834000000000003
2014-04-12 22:04:00,96.0,93.85483333333333,1.6068775952324097,0.7079999999999984
2014-04-12 22:09:00,96.708,94.04916666666668,1.8044987132330992,0.7079999999999984
2014-04-12 22:14:00,91.708,94.00416666666666,1.8593970593291058,-5.0
2014-04-12 22:19:00,93.772,93.84966666666668,1.7880422678209922,2.064000000000007
2014-04-12 22:24:00,96.734,94.10883333333334,1.968628772121233,2.961999999999989
2014-04-12 22:29:00,94.416,94.2785,1.8923419112544746,-2.317999999999998
2014-04-12 22:34:00,94.0,94.41399999999999,1.799511448850714,-0.4159999999999968
2014-04-12 22:39:00,95.54,94.39999999999999,1.7891527705489485,1.5400000000000063
2014-04-12 22:44:00,95.166,94.44833333333334,1.802419350526081,-0.37400000000000944
2014-04-12 22:49:00,95.58,94.69783333333334,1.7268271394949568,0.4140000000000015
2014-04-12 22:54:00,96.418,95.11116666666665,1.4526956656399503,0.8380000000000081
2014-04-12 22:59:00,92.856,94.90816666666667,1.588943035384327,-3.562000000000012
2014-04-12 23:04:00,94.604,94.79183333333333,1.552422027515241,1.7480000000000047
2014-04-12 23:09:00,91.876,94.38916666666665,1.6347048570602323,-2.7279999999999944
2014-04-12 23:14:00,92.708,94.47250000000001,1.5060240551016468,0.8319999999999936
2014-04-12 23:19:00,94.416,94.52616666666665,1.4901837490926964,1.7079999999999984
2014-04-12 23:24:00,92.402,94.16516666666666,1.430220188599688,-2.013999999999996
2014-04-12 23:29:00,96.624,94.34916666666668,1.5976545213832434,4.221999999999994
2014-04-12 23:34:00,96.584,94.56450000000001,1.7160642338050234,-0.03999999999999204
2014-04-12 23:39:00,94.666,94.49166666666667,1.6892356169866682,-1.9180000000000064
2014-04-12 23:44:00,96.042,94.56466666666665,1.7392147304997294,1.3760000000000048
2014-04-12 23:49:00,93.972,94.43066666666665,1.7156611942142568,-2.0700000000000074
2014-04-12 23:54:00,99.118,94.65566666666668,2.1275792190498333,5.146000000000001
2014-04-12 23:59:00,95.042,94.83783333333334,2.0517124481019136,-4.075999999999993
2014-04-13 00:04:00,95.318,94.89733333333334,2.0546657031046522,0.27599999999999625
2014-04-13 00:09:00,96.126,95.25150000000001,1.8417906553626653,0.8080000000000069
2014-04-13 00:14:00,94.34,95.3875,1.6909816675527345,-1.7860000000000014
2014-04-13 00:19:00,95.85,95.507,1.6665789673894513,1.509999999999991
2014-04-13 00:24:00,94.042,95.64366666666666,1.440751277085566,-1.8079999999999927
2014-04-13 00:29:00,94.0,95.425,1.4771044155864157,-0.04200000000000159
2014-04-13 00:34:00,93.542,95.1715,1.5205104705027546,-0.4579999999999984
2014-04-13 00:39:00,96.666,95.33816666666667,1.5689063842127944,3.1239999999999952
2014-04-13 00:44:00,97.292,95.44233333333334,1.6588061058993968,0.6260000000000048
2014-04-13 00:49:00,95.75,95.5905,1.5936622489209529,-1.5420000000000016
2014-04-13 00:54:00,96.416,95.36533333333334,1.1896197508088768,0.6659999999999968
2014-04-13 00:59:00,95.528,95.40583333333335,1.1858782578425435,-0.887999999999991
2014-04-13 01:04:00,96.136,95.474,1.2037459713892238,0.6079999999999899
2014-04-13 01:09:00,95.148,95.3925,1.1886016612348864,-0.9879999999999995
2014-04-13 01:14:00,93.518,95.324,1.275296756908462,-1.6299999999999955
2014-04-13 01:19:00,94.458,95.20800000000001,1.2863623128805595,0.9399999999999977
2014-04-13 01:24:00,96.042,95.37466666666667,1.2506243773942511,1.5840000000000032
2014-04-13 01:29:00,95.874,95.53083333333335,1.1782746888665947,-0.16800000000000637
2014-04-13 01:34:00,95.598,95.70216666666666,0.9985642268532102,-0.27599999999999625
2014-04-13 01:39:00,96.042,95.65016666666666,0.9592847556506225,0.4440000000000026
2014-04-13 01:44:00,95.75,95.52166666666666,0.8112113650506272,-0.2920000000000016
2014-04-13 01:49:00,93.166,95.30633333333334,1.0522404956118525,-2.584000000000003
2014-04-13 01:54:00,97.176,95.36966666666666,1.143975153364168,4.010000000000005
2014-04-13 01:59:00,93.874,95.23183333333333,1.2202624034742482,-3.3020000000000067
2014-04-13 02:04:00,93.666,95.026,1.2615053057213217,-0.2079999999999984
2014-04-13 02:09:00,96.39,95.12950000000001,1.3219275526839087,2.7240000000000038
2014-04-13 02:14:00,94.124,95.17999999999999,1.265123493792156,-2.2660000000000053
2014-04-13 02:19:00,93.736,95.11983333333332,1.3186192388135054,-0.387999999999991
2014-04-13 02:24:00,95.708,95.092,1.300789131118404,1.9719999999999942
2014-04-13 02:29:00,96.166,95.11633333333333,1.319346348719016,0.4579999999999984
2014-04-13 02:34:00,95.708,95.1255,1.3233731350397235,-0.4579999999999984
2014-04-13 02:39:00,95.666,95.09416666666668,1.3040101668127149,-0.04200000000000159
2014-04-13 02:44:00,96.208,95.13233333333334,1.3313661700626505,0.5420000000000016
2014-04-13 02:49:00,95.166,95.29899999999999,1.179338335292434,-1.0420000000000016
2014-04-13 02:54:00,96.642,95.2545,1.110118134581491,1.475999999999999
2014-04-13 02:59:00,96.666,95.48716666666667,1.0868190309614703,0.02400000000000091
2014-04-13 03:04:00,93.624,95.48366666666668,1.0932656113539474,-3.0420000000000016
2014-04-13 03:09:00,94.5,95.32616666666667,1.086947839622502,0.8760000000000048
2014-04-13 03:14:00,95.396,95.43216666666666,1.0189500686607087,0.8960000000000008
2014-04-13 03:19:00,92.774,95.35199999999999,1.1882990134869105,-2.622
2014-04-13 03:24:00,94.958,95.28949999999999,1.1875959291394143,2.1839999999999975
2014-04-13 03:29:00,94.916,95.18533333333333,1.1581830074678587,-0.04200000000000159
2014-04-13 03:34:00,94.334,95.07083333333333,1.1696748447426117,-0.5819999999999936
2014-04-13 03:39:00,95.94,95.09366666666666,1.184924342297477,1.6059999999999945
2014-04-13 03:44:00,92.356,94.77266666666668,1.3638545199230578,-3.584000000000003
2014-04-13 03:49:00,96.75,94.90466666666667,1.4773175526996751,4.3940000000000055
2014-04-13 03:54:00,95.542,94.813,1.3913424518001394,-1.2079999999999984
2014-04-13 03:59:00,95.126,94.68466666666666,1.270679798971619,-0.4159999999999968
2014-04-13 04:04:00,95.21,94.81683333333332,1.232227977233998,0.08399999999998897
2014-04-13 04:09:00,93.888,94.76583333333332,1.2589093283350863,-1.3219999999999885
2014-04-13 04:14:00,93.012,94.56716666666667,1.336160703000139,-0.8760000000000048
2014-04-13 04:19:00,95.292,94.777,1.2217779890572824,2.280000000000001
2014-04-13 04:24:00,94.0,94.69716666666666,1.2400382569853563,-1.2920000000000016
2014-04-13 04:29:00,95.042,94.70766666666667,1.2425905003316873,1.0420000000000016
2014-04-13 04:34:00,94.124,94.69016666666666,1.24978935194769,-0.9180000000000064
2014-04-13 04:39:00,89.916,94.18816666666665,1.7936312498965508,-4.207999999999998
2014-04-13 04:44:00,94.138,94.33666666666666,1.6994463982737036,4.222000000000008
2014-04-13 04:49:00,95.084,94.19783333333334,1.54544290993818,0.945999999999998
2014-04-13 04:54:00,94.816,94.13733333333333,1.501628045781707,-0.2680000000000007
2014-04-13 04:59:00,95.814,94.19466666666666,1.5549936762999177,0.9979999999999905
2014-04-13 05:04:00,93.794,94.07666666666667,1.524365819452322,-2.019999999999996
2014-04-13 05:09:00,92.142,93.93116666666667,1.6240773511208255,-1.652000000000001
2014-04-13 05:14:00,92.348,93.87583333333333,1.6689329107562874,0.20600000000000307
2014-04-13 05:19:00,96.01,93.93566666666668,1.7358489321225257,3.662000000000006
2014-04-13 05:24:00,94.708,93.99466666666666,1.750207121941963,-1.3020000000000067
2014-04-13 05:29:00,94.75,93.97033333333333,1.7362967558115814,0.04200000000000159
2014-04-13 05:34:00,93.834,93.94616666666667,1.7359816627293996,-0.9159999999999968
2014-04-13 05:39:00,97.042,94.54,1.4225534020969444,3.2079999999999984
2014-04-13 05:44:00,94.874,94.60133333333333,1.4195085790723552,-2.1680000000000064
2014-04-13 05:49:00,93.65,94.48183333333333,1.4354522780028762,-1.2239999999999895
2014-04-13 05:54:00,93.94,94.40883333333335,1.4391829647616066,0.28999999999999204
2014-04-13 05:59:00,95.466,94.37983333333334,1.4115349371472459,1.5259999999999962
2014-04-13 06:04:00,96.538,94.60849999999999,1.5256522003271393,1.0720000000000027
2014-04-13 06:09:00,94.542,94.8085,1.3157977531794667,-1.9959999999999951
2014-04-13 06:14:00,92.192,94.79549999999999,1.3428106547629348,-2.3500000000000085
2014-04-13 06:19:00,95.372,94.74233333333332,1.302374288704362,3.180000000000007
2014-04-13 06:24:00,94.584,94.73200000000001,1.3031631447434302,-0.7879999999999967
2014-04-13 06:29:00,97.036,94.92250000000001,1.4632835119562586,2.451999999999998
2014-04-13 06:34:00,93.084,94.86,1.5285631993950592,-3.951999999999998
2014-04-13 06:39:00,94.4,94.63983333333334,1.367491255303937,1.3160000000000025
2014-04-13 06:44:00,92.402,94.43383333333334,1.5079844364599606,-1.9980000000000047
2014-04-13 06:49:00,94.82,94.53133333333334,1.490419180409571,2.417999999999992
2014-04-13 06:54:00,92.354,94.39916666666666,1.6129118689404893,-2.465999999999994
2014-04-13 06:59:00,91.814,94.09483333333333,1.7333587906054275,-0.5400000000000063
2014-04-13 07:04:00,87.958,93.37983333333334,2.3082228438712584,-3.8559999999999945
2014-04-13 07:09:00,93.206,93.2685,2.279107979411595,5.248000000000005
2014-04-13 07:14:00,94.902,93.49433333333333,2.296937222925351,1.695999999999998
2014-04-13 07:19:00,88.834,92.9495,2.5702154313667553,-6.067999999999998
2014-04-13 07:24:00,90.666,92.62299999999999,2.5924652360252467,1.8319999999999936
2014-04-13 07:29:00,90.584,92.08533333333332,2.2389844018024325,-0.08199999999999363
2014-04-13 07:34:00,92.374,92.02616666666665,2.2194910896349964,1.789999999999992
2014-04-13 07:39:00,93.5,91.95116666666667,2.145971864313157,1.1260000000000048
2014-04-13 07:44:00,92.376,91.949,2.1454883741553594,-1.1239999999999952
2014-04-13 07:49:00,85.818,91.19883333333333,2.5801311394906175,-6.558000000000007
2014-04-13 07:54:00,91.72,91.146,2.560744778024798,5.902000000000001
2014-04-13 07:59:00,89.25,90.93233333333332,2.606500661225536,-2.469999999999999
2014-04-13 08:04:00,91.166,91.19966666666666,2.432406938641429,1.9159999999999968
2014-04-13 08:09:00,90.5,90.97416666666668,2.353654714513361,-0.6659999999999968
2014-04-13 08:14:00,90.916,90.642,2.0042701686874382,0.4159999999999968
2014-04-13 08:19:00,90.584,90.78783333333332,1.9227674105702375,-0.33199999999999363
2014-04-13 08:24:00,93.292,91.00666666666667,2.0526862813631395,2.7079999999999984
2014-04-13 08:29:00,93.876,91.281,2.2053664300765443,0.5840000000000032
2014-04-13 08:34:00,92.126,91.26033333333334,2.195331879376221,-1.75
2014-04-13 08:39:00,90.292,90.993,2.0906340925877918,-1.8340000000000032
2014-04-13 08:44:00,91.636,90.93133333333333,2.0567712266529172,1.343999999999994
2014-04-13 08:49:00,91.21,91.38066666666667,1.280697915792253,-0.42600000000000193
2014-04-13 08:54:00,93.156,91.50033333333333,1.3786316887888532,1.9460000000000122
2014-04-13 08:59:00,90.084,91.56983333333334,1.2717531087819052,-3.0720000000000027
2014-04-13 09:04:00,88.416,91.34066666666666,1.5650817773191388,-1.6680000000000064
2014-04-13 09:09:00,90.042,91.30250000000001,1.59278558164317,1.6260000000000048
2014-04-13 09:14:00,90.126,91.23666666666666,1.6261887027553588,0.08400000000000318
2014-04-13 09:19:00,88.584,91.07000000000001,1.7930857100640265,-1.5420000000000016
2014-04-13 09:24:00,90.626,90.84783333333333,1.6523887850530627,2.0420000000000016
2014-04-13 09:29:00,89.834,90.51100000000001,1.3661778135298641,-0.7920000000000016
2014-04-13 09:34:00,92.334,90.52833333333332,1.389648702065,2.5
2014-04-13 09:39:00,88.084,90.34433333333334,1.559574495194128,-4.25
2014-04-13 09:44:00,94.964,90.62166666666667,2.033915852971584,6.8799999999999955
2014-04-13 09:49:00,94.416,90.88883333333335,2.3100421811705782,-0.5480000000000018
2014-04-13 09:54:00,89.666,90.598,2.2164572879011986,-4.75
2014-04-13 09:59:00,90.084,90.598,2.2164572879011986,0.41800000000000637
2014-04-13 10:04:00,87.292,90.50433333333332,2.3374956036256243,-2.7920000000000016
2014-04-13 10:09:00,93.834,90.82033333333334,2.5186107040960724,6.542000000000002
2014-04-13 10:14:00,92.0,90.9765,2.529718938753937,-1.8340000000000032
2014-04-13 10:19:00,91.11,91.18700000000001,2.4150343494638635,-0.8900000000000006
2014-04-13 10:24:00,88.07,90.974,2.57634060424672,-3.0400000000000063
2014-04-13 10:29:00,90.542,91.033,2.555886112130441,2.4720000000000084
2014-04-13 10:34:00,93.834,91.158,2.6598631543745705,3.2920000000000016
2014-04-13 10:39:00,92.542,91.5295,2.4978795552881863,-1.2920000000000016
2014-04-13 10:44:00,90.126,91.12633333333333,2.2735020376395005,-2.415999999999997
2014-04-13 10:49:00,90.708,90.81733333333334,2.024042998704701,0.5819999999999936
2014-04-13 10:54:00,91.084,90.9355,1.9918523357096978,0.3760000000000048
2014-04-13 10:59:00,91.708,91.07083333333333,1.9838932262933864,0.6239999999999952
2014-04-13 11:04:00,92.124,91.4735,1.6005126735459674,0.4159999999999968
2014-04-13 11:09:00,90.958,91.23383333333334,1.4200687456682095,-1.1659999999999968
2014-04-13 11:14:00,90.626,91.11933333333333,1.4080184227442887,-0.33199999999999363
2014-04-13 11:19:00,90.5,91.06850000000001,1.41935174063225,-0.12600000000000477
2014-04-13 11:24:00,92.75,91.4585,1.1350367635212952,2.25
2014-04-13 11:29:00,93.44,91.7,1.2268917118991063,0.6899999999999977
2014-04-13 11:34:00,95.262,91.819,1.4930704178727545,1.8220000000000027
2014-04-13 11:39:00,92.208,91.79116666666665,1.4814350434218289,-3.054000000000002
2014-04-13 11:44:00,93.338,92.05883333333333,1.4428921608624268,1.1299999999999955
2014-04-13 11:49:00,94.292,92.3575,1.5073509876599613,0.9540000000000077
2014-04-13 11:54:00,94.836,92.67016666666666,1.6051398032191015,0.5439999999999969
2014-04-13 11:59:00,94.624,92.91316666666667,1.6658146701091892,-0.2120000000000033
2014-04-13 12:04:00,93.166,93.0,1.6480011032651372,-1.4579999999999984
2014-04-13 12:09:00,96.376,93.45150000000001,1.7749870422060765,3.210000000000008
2014-04-13 12:14:00,93.824,93.718,1.536211633147485,-2.5520000000000067
2014-04-13 12:19:00,95.542,94.13816666666666,1.2362840092449012,1.7180000000000035
2014-04-13 12:24:00,94.584,94.291,1.1600879277018197,-0.9579999999999984
2014-04-13 12:29:00,93.24,94.27433333333335,1.1747692487796444,-1.3440000000000083
2014-04-13 12:34:00,93.094,94.09366666666665,1.1757754372274396,-0.1460000000000008
2014-04-13 12:39:00,94.458,94.28116666666666,1.016323662953044,1.3640000000000043
2014-04-13 12:44:00,92.416,94.20433333333334,1.1233268231083309,-2.0420000000000016
2014-04-13 12:49:00,92.97,94.09416666666665,1.1774683036328872,0.554000000000002
2014-04-13 12:54:00,98.078,94.36433333333332,1.643042595216714,5.108000000000004
2014-04-13 12:59:00,94.172,94.32666666666667,1.6417290958748127,-3.906000000000006
2014-04-13 13:04:00,93.006,94.31333333333333,1.6526259728263109,-1.1659999999999968
2014-04-13 13:09:00,93.956,94.11166666666666,1.5204054084552932,0.9500000000000028
2014-04-13 13:14:00,95.126,94.22016666666666,1.5442801107977673,1.1700000000000017
2014-04-13 13:19:00,93.36,94.03833333333334,1.5023827942989632,-1.7660000000000053
2014-04-13 13:24:00,91.708,93.79866666666665,1.6312882434851388,-1.652000000000001
2014-04-13 13:29:00,94.542,93.90716666666667,1.6340491721393193,2.834000000000003
2014-04-13 13:34:00,93.11,93.9085,1.6333317037714514,-1.4320000000000022
2014-04-13 13:39:00,93.916,93.86333333333333,1.624223525443945,0.8059999999999974
2014-04-13 13:44:00,93.792,93.97800000000001,1.5600599056095268,-0.12399999999999523
2014-04-13 13:49:00,94.82,94.13216666666666,1.5427056417117275,1.0279999999999916
2014-04-13 13:54:00,95.654,93.93016666666666,1.0632743452810398,0.8340000000000032
2014-04-13 13:59:00,94.47,93.955,1.0728726095688748,-1.1839999999999975
2014-04-13 14:04:00,93.772,94.01883333333332,1.0333354496554554,-0.6979999999999933
2014-04-13 14:09:00,95.458,94.144,1.1129345320937623,1.6859999999999928
2014-04-13 14:14:00,94.416,94.08483333333334,1.0741807731163417,-1.0420000000000016
2014-04-13 14:19:00,94.298,94.163,1.0505082752473318,-0.117999999999995
2014-04-13 14:24:00,91.842,94.17416666666668,1.0223752943140447,-2.456000000000003
2014-04-13 14:29:00,94.798,94.1955,1.033360317340487,2.956000000000003
2014-04-13 14:34:00,96.28,94.45966666666668,1.1311936843505772,1.4819999999999993
2014-04-13 14:39:00,95.042,94.5535,1.1286948617357002,-1.2379999999999995
2014-04-13 14:44:00,95.25,94.675,1.117690638609738,0.2079999999999984
2014-04-13 14:49:00,96.376,94.80466666666666,1.2214808697441801,1.1260000000000048
2014-04-13 14:54:00,95.208,94.7675,1.1998827594240697,-1.1680000000000064
2014-04-13 14:59:00,93.478,94.68483333333334,1.255142283374532,-1.730000000000004
2014-04-13 15:04:00,94.586,94.75266666666668,1.2229060272623722,1.108000000000004
2014-04-13 15:09:00,93.622,94.59966666666666,1.2413517070538633,-0.9639999999999986
2014-04-13 15:14:00,93.834,94.55116666666667,1.260403242352546,0.2120000000000033
2014-04-13 15:19:00,94.834,94.59583333333335,1.260113258497784,1.0
2014-04-13 15:24:00,93.652,94.74666666666667,0.9770528350215897,-1.1820000000000022
2014-04-13 15:29:00,93.762,94.66033333333333,1.0170566564472818,0.10999999999999943
2014-04-13 15:34:00,92.762,94.36716666666666,1.014774299431828,-1.0
2014-04-13 15:39:00,94.584,94.32900000000001,0.9955159466324375,1.8220000000000027
2014-04-13 15:44:00,92.792,94.12416666666667,1.0406387752748503,-1.7920000000000016
2014-04-13 15:49:00,94.084,93.93316666666668,0.7630862971965716,1.2920000000000016
2014-04-13 15:54:00,92.766,93.72966666666667,0.7163949308650726,-1.3179999999999978
2014-04-13 15:59:00,94.916,93.84949999999999,0.7872373443651625,2.1499999999999915
2014-04-13 16:04:00,93.8,93.78399999999999,0.7523118308976449,-1.1159999999999997
2014-04-13 16:09:00,93.124,93.7425,0.7754408130508286,-0.6760000000000019
2014-04-13 16:14:00,93.208,93.69033333333334,0.7896520906335265,0.08400000000000318
2014-04-13 16:19:00,94.624,93.67283333333332,0.763909779695629,1.4159999999999968
2014-04-13 16:24:00,97.166,93.96566666666666,1.2646200531334906,2.5420000000000016
2014-04-13 16:29:00,96.208,94.16949999999999,1.416779478574053,-0.9579999999999984
2014-04-13 16:34:00,93.562,94.23616666666668,1.3623032524055085,-2.646000000000001
2014-04-13 16:39:00,93.34,94.1325,1.3806367766687888,-0.2219999999999942
2014-04-13 16:44:00,94.192,94.24916666666667,1.3146379960299095,0.8519999999999897
2014-04-13 16:49:00,95.042,94.329,1.3326606333331223,0.8500000000000085
2014-04-13 16:54:00,93.834,94.41799999999999,1.2520104559538057,-1.2079999999999984
2014-04-13 16:59:00,95.374,94.45616666666666,1.2753353807265007,1.539999999999992
2014-04-13 17:04:00,95.872,94.62883333333333,1.3179718463906063,0.49800000000000466
2014-04-13 17:09:00,97.166,94.96566666666666,1.411599951913395,1.293999999999997
2014-04-13 17:14:00,93.822,95.01683333333331,1.3519656957274164,-3.343999999999994
2014-04-13 17:19:00,94.992,95.04750000000001,1.346407239487715,1.1700000000000017
2014-04-13 17:24:00,93.542,94.74549999999999,1.2293744529044144,-1.4500000000000028
2014-04-13 17:29:00,96.48,94.76816666666667,1.260894187279264,2.9380000000000024
2014-04-13 17:34:00,94.542,94.84983333333332,1.206221586256438,-1.9380000000000024
2014-04-13 17:39:00,94.462,94.94333333333333,1.1188706427246171,-0.0799999999999983
2014-04-13 17:44:00,94.828,94.99633333333334,1.0948507024272955,0.36599999999999966
2014-04-13 17:49:00,94.958,94.98933333333333,1.094800715226332,0.12999999999999545
2014-04-13 17:54:00,95.834,95.156,1.0544196163161108,0.8760000000000048
2014-04-13 17:59:00,96.626,95.26033333333334,1.1366841196560629,0.7920000000000016
2014-04-13 18:04:00,95.334,95.2155,1.120865290746167,-1.2920000000000016
2014-04-13 18:09:00,94.584,95.00033333333334,0.9466933201537461,-0.75
2014-04-13 18:14:00,92.63,94.90100000000001,1.126947445737389,-1.9540000000000077
2014-04-13 18:19:00,97.558,95.11483333333332,1.364244301857627,4.9280000000000115
2014-04-13 18:24:00,96.294,95.34416666666668,1.3058710665390125,-1.26400000000001
2014-04-13 18:29:00,94.916,95.21383333333334,1.2594248206174787,-1.3780000000000001
2014-04-13 18:34:00,94.458,95.20683333333335,1.2637244976893087,-0.4579999999999984
2014-04-13 18:39:00,93.936,95.16300000000001,1.3004957096848024,-0.5219999999999914
2014-04-13 18:44:00,95.126,95.18783333333333,1.296355859766524,1.1899999999999977
2014-04-13 18:49:00,95.5,95.233,1.2970619947332154,0.3739999999999952
2014-04-13 18:54:00,94.692,95.13783333333333,1.2908372077722212,-0.8080000000000069
2014-04-13 18:59:00,95.086,95.0095,1.2029993198817055,0.39400000000000546
2014-04-13 19:04:00,94.542,94.94349999999999,1.2053013580162615,-0.5439999999999969
2014-04-13 19:09:00,95.626,95.03033333333332,1.2145463300666106,1.0840000000000032
2014-04-13 19:14:00,94.084,95.1515,1.0083344052082912,-1.5420000000000016
2014-04-13 19:19:00,97.584,95.15366666666667,1.0139875679111021,3.5
2014-04-13 19:24:00,94.308,94.98816666666666,0.9721572855655953,-3.2759999999999962
2014-04-13 19:29:00,93.92,94.90516666666667,1.0202090546309572,-0.38800000000000523
2014-04-13 19:34:00,94.134,94.87816666666667,1.0372640439970782,0.21399999999999864
2014-04-13 19:39:00,93.672,94.85616666666665,1.0615783988802587,-0.4620000000000033
2014-04-13 19:44:00,95.278,94.86883333333333,1.0659883875651364,1.6060000000000088
2014-04-13 19:49:00,95.102,94.83566666666667,1.0506464964989592,-0.17600000000000193
2014-04-13 19:54:00,93.916,94.771,1.0836555977546234,-1.186000000000007
2014-04-13 19:59:00,94.606,94.731,1.0798233862322208,0.6899999999999977
2014-04-13 20:04:00,94.168,94.69983333333334,1.0911126792349868,-0.4379999999999882
2014-04-13 20:09:00,95.75,94.71016666666668,1.1012216219297242,1.5819999999999936
2014-04-13 20:14:00,94.678,94.75966666666666,1.0837278535709667,-1.0720000000000027
2014-04-13 20:19:00,95.166,94.55816666666668,0.6480844267855025,0.48799999999999955
2014-04-13 20:24:00,95.18,94.63083333333333,0.6661200865432901,0.014000000000010004
2014-04-13 20:29:00,94.376,94.66883333333332,0.6341209854924337,-0.804000000000002
2014-04-13 20:34:00,92.958,94.57083333333333,0.7948047025219367,-1.4180000000000064
2014-04-13 20:39:00,95.084,94.68849999999999,0.7530636216026432,2.1260000000000048
2014-04-13 20:44:00,95.126,94.67583333333334,0.7434638627068473,0.04200000000000159
2014-04-13 20:49:00,93.96,94.58066666666667,0.7569221568395381,-1.166000000000011
2014-04-13 20:54:00,93.584,94.553,0.7888207539217303,-0.37599999999999056
2014-04-13 20:59:00,94.156,94.51550000000002,0.7967288234909554,0.5720000000000027
2014-04-13 21:04:00,94.07300000000001,94.50758333333333,0.8009564121984966,-0.08299999999999841
2014-04-13 21:09:00,93.99,94.36091666666665,0.7085839218059413,-0.08300000000001262
2014-04-13 21:14:00,93.274,94.24391666666668,0.7651251185062223,-0.715999999999994
2014-04-13 21:19:00,94.162,94.16025,0.7078811051937841,0.8880000000000052
2014-04-13 21:24:00,94.0,94.06191666666668,0.6311467857408277,-0.16200000000000614
2014-04-13 21:29:00,95.0,94.11391666666668,0.6829556698418717,1.0
2014-04-13 21:34:00,96.584,94.41608333333333,0.8944386211301226,1.5840000000000032
2014-04-13 21:39:00,92.75,94.22158333333333,0.9851618656416893,-3.834000000000003
2014-04-13 21:44:00,94.458,94.16591666666666,0.9475672639430046,1.7079999999999984
2014-04-13 21:49:00,97.29,94.44341666666666,1.3027991164712416,2.832000000000008
2014-04-13 21:54:00,93.75,94.45725,1.2936935934122202,-3.5400000000000063
2014-04-13 21:59:00,94.666,94.49974999999999,1.291272249654089,0.9159999999999968
2014-04-13 22:04:00,95.082,94.58383333333335,1.2938063528934063,0.4159999999999968
2014-04-13 22:09:00,93.714,94.56083333333333,1.3077012331381253,-1.367999999999995
2014-04-13 22:14:00,93.894,94.6125,1.2637462705634757,0.18000000000000682
2014-04-13 22:19:00,93.966,94.59616666666666,1.271341870432422,0.07199999999998852
2014-04-13 22:24:00,96.238,94.78266666666666,1.3383241442755833,2.2720000000000056
2014-04-13 22:29:00,94.006,94.69983333333333,1.354315246860289,-2.2319999999999993
2014-04-13 22:34:00,94.996,94.56750000000001,1.2248693065716332,0.9899999999999949
2014-04-13 22:39:00,96.0,94.83833333333335,1.143038004087062,1.0040000000000049
2014-04-13 22:44:00,93.416,94.75150000000001,1.21205284163214,-2.584000000000003
2014-04-13 22:49:00,94.19,94.49316666666668,0.9160319400277289,0.7740000000000009
2014-04-13 22:54:00,97.694,94.82183333333334,1.2658822172217439,3.504000000000005
2014-04-13 22:59:00,95.834,94.91916666666667,1.2973240874501015,-1.8599999999999994
2014-04-13 23:04:00,92.502,94.70416666666667,1.470158546386955,-3.332000000000008
2014-04-13 23:09:00,94.862,94.79983333333332,1.43684261384786,2.3599999999999994
2014-04-13 23:14:00,95.628,94.94433333333335,1.424603506774643,0.7660000000000053
2014-04-13 23:19:00,95.15,95.04299999999999,1.391297236394675,-0.47799999999999443
2014-04-13 23:24:00,93.75,94.83566666666667,1.3823815637797852,-1.4000000000000057
2014-04-13 23:29:00,94.166,94.849,1.3744003651177559,0.4159999999999968
2014-04-13 23:34:00,94.374,94.79716666666666,1.38006968423076,0.2079999999999984
2014-04-13 23:39:00,96.508,94.83949999999999,1.4273036562946875,2.1340000000000003
2014-04-13 23:44:00,94.924,94.96516666666666,1.3551395656624083,-1.583999999999989
2014-04-13 23:49:00,95.584,95.08133333333332,1.342337536018985,0.6599999999999966
2014-04-13 23:54:00,93.054,94.69466666666666,1.1797723457846618,-2.530000000000001
2014-04-13 23:59:00,93.666,94.514,1.1551812136470587,0.6119999999999948
2014-04-14 00:04:00,93.126,94.56599999999999,1.067061896474869,-0.539999999999992
2014-04-14 00:09:00,92.958,94.40733333333334,1.1568286848362908,-0.16800000000000637
2014-04-14 00:14:00,91.542,94.06683333333332,1.350070828669262,-1.4159999999999968
2014-04-14 00:19:00,92.004,93.80466666666668,1.424042219326278,0.4620000000000033
2014-04-14 00:24:00,95.166,93.92266666666667,1.4767904592749532,3.161999999999992
2014-04-14 00:29:00,93.666,93.88099999999999,1.476354355098277,-1.5
2014-04-14 00:34:00,92.804,93.75016666666669,1.4980992704897413,-0.8619999999999948
2014-04-14 00:39:00,93.75,93.52033333333334,1.2228056660684776,0.945999999999998
2014-04-14 00:44:00,94.596,93.49300000000001,1.1918512719903145,0.8460000000000036
2014-04-14 00:49:00,95.208,93.46166666666666,1.1354921506738385,0.6119999999999948
2014-04-14 00:54:00,93.916,93.5335,1.1346234056843472,-1.2920000000000016
2014-04-14 00:59:00,93.334,93.50583333333333,1.1351464329512286,-0.5819999999999936
2014-04-14 01:04:00,93.708,93.55433333333333,1.129863333113623,0.3739999999999952
2014-04-14 01:09:00,93.292,93.58216666666665,1.1178880927348058,-0.4159999999999968
2014-04-14 01:14:00,93.162,93.71716666666667,0.9313710161350548,-0.12999999999999545
2014-04-14 01:19:00,96.004,94.0505,0.977162171336159,2.8419999999999987
2014-04-14 01:24:00,95.858,94.10816666666666,1.0654113873250624,-0.1460000000000008
2014-04-14 01:29:00,93.708,94.11166666666668,1.063894674668206,-2.1500000000000057
2014-04-14 01:34:00,94.928,94.28866666666666,1.0014103993260128,1.2199999999999989
2014-04-14 01:39:00,95.566,94.44,1.0487069093973242,0.6380000000000052
2014-04-14 01:44:00,95.374,94.50483333333334,1.0827249993613035,-0.19200000000000728
2014-04-14 01:49:00,96.396,94.60383333333334,1.2007453619489628,1.0220000000000056
2014-04-14 01:54:00,97.084,94.86783333333334,1.3718416177686021,0.6880000000000024
2014-04-14 01:59:00,95.042,95.01016666666668,1.2840287332759952,-2.0420000000000016
2014-04-14 02:04:00,94.584,95.08316666666667,1.2268977754950614,-0.4579999999999984
2014-04-14 02:09:00,97.374,95.42333333333335,1.2507866131018395,2.789999999999992
2014-04-14 02:14:00,96.124,95.67016666666667,1.0381506138173535,-1.25
2014-04-14 02:19:00,93.708,95.47883333333333,1.1737537168752303,-2.415999999999997
2014-04-14 02:24:00,94.5,95.36566666666666,1.1990656463438694,0.7920000000000016
2014-04-14 02:29:00,95.32,95.49999999999999,1.0809517691702806,0.8199999999999932
2014-04-14 02:34:00,94.292,95.447,1.1261921360373426,-1.0279999999999916
2014-04-14 02:39:00,94.758,95.37966666666667,1.142467451959791,0.465999999999994
2014-04-14 02:44:00,93.708,95.24083333333333,1.2402599312117206,-1.0499999999999972
2014-04-14 02:49:00,94.5,95.08283333333333,1.199831339157229,0.7920000000000016
2014-04-14 02:54:00,94.792,94.89183333333334,1.0214825084900283,0.2920000000000016
2014-04-14 02:59:00,92.542,94.6835,1.2231117171897319,-2.25
2014-04-14 03:04:00,93.97,94.63233333333334,1.240373501910598,1.4279999999999973
2014-04-14 03:09:00,96.626,94.57,1.1010381877612705,2.656000000000006
2014-04-14 03:14:00,96.792,94.62566666666665,1.1992542632312497,0.16599999999999682
2014-04-14 03:19:00,92.274,94.50616666666667,1.359718542622348,-4.518000000000001
2014-04-14 03:24:00,93.666,94.43666666666667,1.3812069381740468,1.391999999999996
2014-04-14 03:29:00,96.834,94.56283333333334,1.5303288911704729,3.1680000000000064
2014-04-14 03:34:00,94.828,94.6075,1.5295273482649625,-2.0060000000000002
2014-04-14 03:39:00,96.914,94.78716666666666,1.669074966088643,2.0859999999999985
2014-04-14 03:44:00,92.916,94.72116666666666,1.7301685589629112,-3.9980000000000047
2014-04-14 03:49:00,93.292,94.6205,1.7786693954137058,0.3760000000000048
2014-04-14 03:54:00,95.768,94.70183333333334,1.8092759894665482,2.475999999999999
2014-04-14 03:59:00,95.646,94.96050000000001,1.6903992266485843,-0.12199999999999989
2014-04-14 04:04:00,94.148,94.97533333333332,1.6816758596618093,-1.4980000000000047
2014-04-14 04:09:00,93.648,94.72716666666668,1.6350269296270366,-0.5
2014-04-14 04:14:00,96.098,94.66933333333334,1.5661752678728251,2.450000000000003
2014-04-14 04:19:00,94.792,94.87916666666666,1.3728212380039602,-1.3059999999999974
2014-04-14 04:24:00,93.916,94.89999999999999,1.354511921488372,-0.8760000000000048
2014-04-14 04:29:00,93.292,94.60483333333333,1.2785487393085226,-0.6239999999999952
2014-04-14 04:34:00,94.334,94.56366666666666,1.2786628906315833,1.0420000000000016
2014-04-14 04:39:00,95.282,94.42766666666667,1.0768113984715695,0.9479999999999933
2014-04-14 04:44:00,94.874,94.59083333333335,0.9699741171177289,-0.40800000000000125
2014-04-14 04:49:00,95.834,94.80266666666665,0.9375675814022859,0.960000000000008
2014-04-14 04:54:00,94.792,94.72133333333333,0.8871930540480268,-1.0420000000000016
2014-04-14 04:59:00,95.626,94.71966666666667,0.8853148729361631,0.8340000000000032
2014-04-14 05:04:00,96.666,94.9295,1.0249016360782839,1.039999999999992
2014-04-14 05:09:00,96.0,95.12549999999999,0.981529094645682,-0.6659999999999968
2014-04-14 05:14:00,95.708,95.093,0.9524259933070267,-0.2920000000000016
2014-04-14 05:19:00,94.468,95.06599999999999,0.9662271519112411,-1.2399999999999949
2014-04-14 05:24:00,94.208,95.09033333333333,0.9378942888030077,-0.2600000000000051
2014-04-14 05:29:00,94.292,95.17366666666665,0.7975019331217629,0.08400000000000318
2014-04-14 05:34:00,97.77,95.46,1.0465600794983834,3.4779999999999944
2014-04-14 05:39:00,97.248,95.62383333333332,1.1635108182746376,-0.5219999999999914
2014-04-14 05:44:00,96.872,95.79033333333332,1.1891301124108105,-0.3760000000000048
2014-04-14 05:49:00,92.908,95.5465,1.4506054221974942,-3.9639999999999986
2014-04-14 05:54:00,94.386,95.51266666666668,1.4743433258315097,1.4779999999999944
2014-04-14 05:59:00,95.822,95.529,1.476796656156846,1.436000000000007
2014-04-14 06:04:00,93.708,95.28250000000001,1.5161055672045831,-2.1140000000000043
2014-04-14 06:09:00,93.732,95.0935,1.5592809823177445,0.02400000000000091
2014-04-14 06:14:00,93.978,94.94933333333331,1.5771738437258334,0.2459999999999951
2014-04-14 06:19:00,95.376,95.02500000000002,1.573759482605429,1.3980000000000103
2014-04-14 06:24:00,93.128,94.935,1.6535864053624723,-2.2480000000000047
2014-04-14 06:29:00,94.166,94.92450000000001,1.6584334612682312,1.0379999999999967
2014-04-14 06:34:00,97.248,94.88100000000001,1.5821013644113648,3.082000000000008
2014-04-14 06:39:00,94.626,94.66250000000001,1.3955422862553477,-2.622
2014-04-14 06:44:00,97.26,94.69483333333334,1.454631839290729,2.6340000000000003
2014-04-14 06:49:00,95.376,94.90050000000001,1.3497178493029052,-1.8840000000000003
2014-04-14 06:54:00,94.542,94.9135,1.3450550850495946,-0.8340000000000032
2014-04-14 06:59:00,97.874,95.0845,1.5808283501781275,3.3319999999999936
2014-04-14 07:04:00,93.456,95.06349999999999,1.602304278219222,-4.417999999999992
2014-04-14 07:09:00,94.5,95.1275,1.5590398268863495,1.043999999999997
2014-04-14 07:14:00,96.708,95.35500000000002,1.5751540184432367,2.2079999999999984
2014-04-14 07:19:00,94.304,95.26566666666666,1.6039895337071537,-2.4039999999999964
2014-04-14 07:24:00,93.932,95.33266666666667,1.5212371360974957,-0.3719999999999999
2014-04-14 07:29:00,93.168,95.24950000000001,1.615196498037432,-0.7639999999999958
2014-04-14 07:34:00,96.424,95.18083333333334,1.5381903082005355,3.2560000000000002
2014-04-14 07:39:00,95.6,95.262,1.5319366234219598,-0.8240000000000123
2014-04-14 07:44:00,95.084,95.08066666666667,1.3967568496231915,-0.5159999999999911
2014-04-14 07:49:00,96.136,95.144,1.428241130647185,1.0519999999999925
2014-04-14 07:54:00,95.416,95.21683333333333,1.4169918093900293,-0.7199999999999989
2014-04-14 07:59:00,93.424,94.84599999999999,1.2280817266258266,-1.9919999999999902
2014-04-14 08:04:00,94.636,94.94433333333335,1.1515206810072718,1.211999999999989
2014-04-14 08:09:00,95.084,94.993,1.1433464439568073,0.4480000000000075
2014-04-14 08:14:00,94.958,94.84716666666667,1.0083489505424943,-0.12600000000000477
2014-04-14 08:19:00,94.292,94.84616666666666,1.0089423655339491,-0.6659999999999968
2014-04-14 08:24:00,94.708,94.91083333333334,0.9691054763244221,0.4159999999999968
2014-04-14 08:29:00,96.468,95.18583333333333,0.8949667168347973,1.7600000000000051
2014-04-14 08:34:00,95.958,95.14699999999999,0.8450770809381198,-0.5100000000000051
2014-04-14 08:39:00,94.416,95.04833333333333,0.8564216605187305,-1.5420000000000016
2014-04-14 08:44:00,93.25,94.89550000000001,1.0009301583116315,-1.1659999999999968
2014-04-14 08:49:00,94.416,94.75216666666667,0.9276078553639292,1.1659999999999968
2014-04-14 08:54:00,94.626,94.68633333333334,0.90394361583319,0.21000000000000796
2014-04-14 08:59:00,94.85,94.80516666666666,0.8119616911396349,0.22399999999998954
2014-04-14 09:04:00,92.294,94.61,1.0901359381452704,-2.5559999999999974
2014-04-14 09:09:00,95.5,94.64466666666668,1.1129552252147639,3.206000000000003
2014-04-14 09:14:00,94.042,94.56833333333333,1.1208953672140505,-1.4579999999999984
2014-04-14 09:19:00,93.508,94.503,1.16061096762925,-0.534000000000006
2014-04-14 09:24:00,92.77,94.3415,1.2600675667307402,-0.7379999999999995
2014-04-14 09:29:00,92.63,94.02166666666666,1.153854515276357,-0.14000000000000057
2014-04-14 09:34:00,94.862,93.93033333333334,1.0225571629569312,2.2319999999999993
2014-04-14 09:39:00,93.666,93.86783333333334,1.0130502844317464,-1.195999999999998
2014-04-14 09:44:00,94.534,93.97483333333332,1.0096647358342596,0.8680000000000092
2014-04-14 09:49:00,94.25,93.961,1.0041932085009257,-0.284000000000006
2014-04-14 09:54:00,96.124,94.08583333333333,1.173254512675981,1.8739999999999952
2014-04-14 09:59:00,93.334,93.9595,1.1650816982665828,-2.789999999999992
2014-04-14 10:04:00,96.53,94.3125,1.2529906406090943,3.195999999999998
2014-04-14 10:09:00,91.958,94.01733333333333,1.3604101876960755,-4.572000000000003
2014-04-14 10:14:00,93.708,93.9895,1.3632733668368426,1.75
2014-04-14 10:19:00,95.958,94.19366666666667,1.4643210858359117,2.25
2014-04-14 10:24:00,94.5,94.33783333333334,1.394932506241482,-1.4579999999999984
2014-04-14 10:29:00,95.708,94.59433333333332,1.3340082685671584,1.2079999999999984
2014-04-14 10:34:00,93.166,94.45300000000002,1.3916683251666648,-2.5420000000000016
2014-04-14 10:39:00,91.458,94.269,1.6306309988911913,-1.7079999999999984
2014-04-14 10:44:00,96.328,94.4185,1.7359719572513528,4.8700000000000045
2014-04-14 10:49:00,94.184,94.413,1.7366587564524851,-2.1440000000000055
2014-04-14 10:54:00,96.182,94.41783333333332,1.7419263022366074,1.9980000000000047
2014-04-14 10:59:00,91.9,94.29833333333333,1.8676871128523078,-4.2819999999999965
2014-04-14 11:04:00,92.542,93.966,1.787579165443215,0.6419999999999959
2014-04-14 11:09:00,94.22,94.1545,1.6721215973615824,1.6779999999999973
2014-04-14 11:14:00,94.416,94.2135,1.6674189362875573,0.19599999999999795
2014-04-14 11:19:00,98.212,94.40133333333331,1.9795428918327347,3.7960000000000065
2014-04-14 11:24:00,94.546,94.40516666666666,1.9797958495915813,-3.665999999999997
2014-04-14 11:29:00,93.334,94.20733333333334,1.9562458171122363,-1.2120000000000033
2014-04-14 11:34:00,93.88,94.26683333333335,1.9324069698097053,0.5459999999999923
2014-04-14 11:39:00,92.868,94.38433333333334,1.783196279072053,-1.0120000000000005
2014-04-14 11:44:00,95.306,94.29916666666668,1.7045998641819529,2.4380000000000024
2014-04-14 11:49:00,93.876,94.27350000000001,1.7088052445014899,-1.4299999999999926
2014-04-14 11:54:00,94.712,94.15100000000001,1.609347806919245,0.8359999999999985
2014-04-14 11:59:00,93.876,94.31566666666667,1.451433356333741,-0.8359999999999985
2014-04-14 12:04:00,95.876,94.5935,1.3992107190709733,2.0
2014-04-14 12:09:00,96.708,94.80083333333334,1.5181166462148588,0.8319999999999936
2014-04-14 12:14:00,95.334,94.87733333333334,1.5200897900112609,-1.3739999999999952
2014-04-14 12:19:00,93.576,94.49099999999999,1.1361749225118931,-1.7580000000000098
2014-04-14 12:24:00,94.292,94.46983333333334,1.1374224315874186,0.7160000000000082
2014-04-14 12:29:00,94.25,94.54616666666668,1.0837357807250365,-0.04200000000000159
2014-04-14 12:34:00,93.26,94.4945,1.1320829153697973,-0.9899999999999949
2014-04-14 12:39:00,94.072,94.59483333333333,1.0229161374432854,0.8119999999999976
2014-04-14 12:44:00,94.0,94.48599999999999,1.0097643289399005,-0.07200000000000273
2014-04-14 12:49:00,94.334,94.52416666666666,0.9931303890710548,0.3340000000000032
2014-04-14 12:54:00,94.662,94.52,0.9923752955773242,0.32800000000000296
2014-04-14 12:59:00,96.966,94.77749999999999,1.19108052548151,2.303999999999988
2014-04-14 13:04:00,93.626,94.58999999999999,1.1794750758472676,-3.339999999999989
2014-04-14 13:09:00,93.874,94.35383333333333,0.9844339244025366,0.24799999999999045
2014-04-14 13:14:00,95.5,94.36766666666666,1.000494726107602,1.6260000000000048
2014-04-14 13:19:00,94.874,94.47583333333334,0.977014174395204,-0.6260000000000048
2014-04-14 13:24:00,95.416,94.56949999999999,1.011073282120363,0.5420000000000016
2014-04-14 13:29:00,93.75,94.52783333333332,1.0354457830791648,-1.6659999999999968
2014-04-14 13:34:00,93.126,94.51666666666667,1.0509678079431293,-0.6239999999999952
2014-04-14 13:39:00,94.0,94.51066666666668,1.0539385296315325,0.8739999999999952
2014-04-14 13:44:00,91.708,94.31966666666666,1.3271650807320745,-2.2920000000000016
2014-04-14 13:49:00,92.468,94.16416666666667,1.4306177834850364,0.7600000000000051
2014-04-14 13:54:00,96.376,94.307,1.564169602522044,3.9080000000000013
2014-04-14 13:59:00,93.12,93.98650000000002,1.3490379400282757,-3.2560000000000002
2014-04-14 14:04:00,90.606,93.73483333333336,1.6666985239377572,-2.51400000000001
2014-04-14 14:09:00,94.958,93.82516666666668,1.703887844864835,4.352000000000004
2014-04-14 14:14:00,94.916,93.7765,1.6594632483808156,-0.04200000000000159
2014-04-14 14:19:00,98.208,94.05433333333333,2.084562100661561,3.2920000000000016
2014-04-14 14:24:00,94.504,93.97833333333334,2.046685628181679,-3.7039999999999935
2014-04-14 14:29:00,93.126,93.92633333333335,2.0608919222392235,-1.3780000000000001
2014-04-14 14:34:00,95.542,94.12766666666666,2.0933543040831966,2.415999999999997
2014-04-14 14:39:00,94.166,94.1415,2.092982408821385,-1.3760000000000048
2014-04-14 14:44:00,94.25,94.35333333333334,1.9479056040844693,0.08400000000000318
2014-04-14 14:49:00,95.292,94.58866666666667,1.8683909136099128,1.0420000000000016
2014-04-14 14:54:00,96.916,94.63366666666667,1.921111199911063,1.6239999999999952
2014-04-14 14:59:00,93.5,94.66533333333332,1.8968713635079364,-3.415999999999997
2014-04-14 15:04:00,96.25,95.13566666666668,1.444668904082799,2.75
2014-04-14 15:09:00,96.0,95.22250000000001,1.4642024512277614,-0.25
2014-04-14 15:14:00,94.384,95.17816666666668,1.4822688894413256,-1.6159999999999997
2014-04-14 15:19:00,96.084,95.00116666666668,1.1844840712947773,1.7000000000000028
2014-04-14 15:24:00,94.384,94.99116666666667,1.1895586525591424,-1.7000000000000028
2014-04-14 15:29:00,95.042,95.15083333333332,1.034995110513783,0.6580000000000013
2014-04-14 15:34:00,95.436,95.142,1.0318005445026288,0.39400000000000546
2014-04-14 15:39:00,96.25,95.31566666666667,1.0279681046812712,0.813999999999993
2014-04-14 15:44:00,96.416,95.49616666666667,1.0139045887809768,0.16599999999999682
2014-04-14 15:49:00,96.876,95.62816666666667,1.08549090975058,0.46000000000000796
2014-04-14 15:54:00,94.0,95.38516666666668,1.097311576977702,-2.8760000000000048
2014-04-14 15:59:00,93.47,95.38266666666665,1.1020210634293788,-0.5300000000000011
2014-04-14 16:04:00,95.224,95.29716666666667,1.0678840448910718,1.7540000000000049
2014-04-14 16:09:00,94.084,95.1375,1.0961095250515132,-1.1400000000000006
2014-04-14 16:14:00,93.792,95.08816666666667,1.1453232837247231,-0.2920000000000016
2014-04-14 16:19:00,95.5,95.03950000000002,1.1110568678676698,1.7079999999999984
2014-04-14 16:24:00,93.792,94.99016666666667,1.1550793623525968,-1.7079999999999984
2014-04-14 16:29:00,92.474,94.77616666666667,1.3636564372258162,-1.3179999999999978
2014-04-14 16:34:00,93.834,94.64266666666667,1.3715809944155455,1.3599999999999994
2014-04-14 16:39:00,92.372,94.3195,1.4146231428769684,-1.4620000000000033
2014-04-14 16:44:00,94.958,94.19800000000002,1.2737906207277583,2.5859999999999985
2014-04-14 16:49:00,94.542,94.00349999999999,0.969566772982741,-0.4159999999999968
2014-04-14 16:54:00,93.208,93.9375,0.9964114246997362,-1.3340000000000032
2014-04-14 16:59:00,94.482,94.02183333333335,0.9960728189271615,1.274000000000001
2014-04-14 17:04:00,93.192,93.8525,0.9445106958340258,-1.2900000000000063
2014-04-14 17:09:00,93.642,93.81566666666667,0.9432797072236968,0.45000000000000284
2014-04-14 17:14:00,92.964,93.74666666666667,0.9749212866436575,-0.6779999999999973
2014-04-14 17:19:00,94.814,93.6895,0.8780656943735846,1.8499999999999943
2014-04-14 17:24:00,95.178,93.805,0.9782189752993858,0.3640000000000043
2014-04-14 17:29:00,94.5,93.97383333333333,0.899264531141498,-0.6779999999999973
2014-04-14 17:34:00,95.582,94.1195,1.0093861771120662,1.0819999999999936
2014-04-14 17:39:00,96.204,94.43883333333333,1.0124301846484878,0.6219999999999999
2014-04-14 17:44:00,95.834,94.51183333333331,1.0824287365441063,-0.36999999999999034
2014-04-14 17:49:00,93.208,94.40066666666667,1.145701320218758,-2.6260000000000048
2014-04-14 17:54:00,93.002,94.38349999999998,1.1665498859299268,-0.20600000000000307
2014-04-14 17:59:00,92.958,94.2565,1.2357561174510365,-0.04399999999999693
2014-04-14 18:04:00,96.272,94.51316666666666,1.3120619326659155,3.314000000000007
2014-04-14 18:09:00,95.404,94.66000000000001,1.304276323204651,-0.8680000000000092
2014-04-14 18:14:00,93.792,94.72899999999998,1.2259460169041534,-1.6119999999999948
2014-04-14 18:19:00,95.042,94.748,1.2291457491798106,1.25
2014-04-14 18:24:00,96.334,94.84433333333334,1.308640052832835,1.2920000000000016
2014-04-14 18:29:00,97.874,95.12549999999999,1.5652355326681162,1.539999999999992
2014-04-14 18:34:00,95.75,95.1395,1.5704325113569328,-2.1239999999999952
2014-04-14 18:39:00,93.522,94.916,1.5958058665250954,-2.2279999999999944
2014-04-14 18:44:00,93.198,94.69633333333333,1.6387999674557174,-0.3240000000000123
2014-04-14 18:49:00,95.208,94.863,1.5740986454012629,2.010000000000005
2014-04-14 18:54:00,92.5,94.82116666666667,1.6335989178014179,-2.7079999999999984
2014-04-14 18:59:00,93.248,94.84533333333333,1.6054326708416027,0.7480000000000047
2014-04-14 19:04:00,93.584,94.62133333333333,1.575523770533046,0.3359999999999985
2014-04-14 19:09:00,94.364,94.53466666666667,1.5570527715311513,0.7800000000000011
2014-04-14 19:14:00,93.362,94.49883333333334,1.580469770976086,-1.0020000000000095
2014-04-14 19:19:00,94.216,94.42999999999999,1.572630685420697,0.8539999999999992
2014-04-14 19:24:00,93.96,94.23216666666667,1.456361208525018,-0.2560000000000002
2014-04-14 19:29:00,94.57,93.95683333333334,0.9181180190853236,0.6099999999999994
2014-04-14 19:34:00,93.446,93.76483333333334,0.7308453179622376,-1.1239999999999952
2014-04-14 19:39:00,93.27,93.74383333333333,0.7419926284037497,-0.17600000000000193
2014-04-14 19:44:00,93.232,93.74666666666667,0.7397804752185577,-0.0379999999999967
2014-04-14 19:49:00,95.5,93.771,0.7949616342940373,2.2680000000000007
2014-04-14 19:54:00,94.374,93.92716666666666,0.7011105260202772,-1.1260000000000048
2014-04-14 19:59:00,93.116,93.91616666666665,0.7136581602535137,-1.2579999999999956
2014-04-14 20:04:00,93.402,93.90100000000001,0.7232288711047551,0.28600000000000136
2014-04-14 20:09:00,92.44,93.74066666666666,0.81827594071374,-0.9620000000000033
2014-04-14 20:14:00,93.752,93.77316666666667,0.8095675426176931,1.3119999999999976
2014-04-14 20:19:00,91.792,93.57116666666667,0.9746172986292104,-1.9599999999999937
2014-04-14 20:24:00,95.0,93.65783333333333,1.055242654845553,3.2079999999999984
2014-04-14 20:29:00,94.166,93.62416666666667,1.0296288681170673,-0.8340000000000032
2014-04-14 20:34:00,94.208,93.68766666666666,1.0410756092819857,0.04200000000000159
2014-04-14 20:39:00,92.75,93.64433333333334,1.0704486173673502,-1.4579999999999984
2014-04-14 20:44:00,94.5,93.75,1.0884778362463046,1.75
2014-04-14 20:49:00,92.864,93.53033333333333,0.9618201810138345,-1.6359999999999957
2014-04-14 20:54:00,95.916,93.65883333333333,1.1660954142568878,3.0519999999999925
2014-04-14 20:59:00,90.276,93.42216666666667,1.5205956867042814,-5.640000000000001
2014-04-14 21:04:00,93.22,93.407,1.521722349540261,2.9440000000000026
2014-04-14 21:09:00,97.042,93.7905,1.8086986029637615,3.8220000000000027
2014-04-14 21:14:00,95.4,93.92783333333334,1.8671314816306854,-1.641999999999996
2014-04-14 21:19:00,92.542,93.99033333333334,1.8005013106622278,-2.858000000000004
2014-04-14 21:24:00,93.122,93.83383333333335,1.7863249136058994,0.5799999999999983
2014-04-14 21:29:00,94.592,93.86933333333333,1.7977228693964327,1.4699999999999989
2014-04-14 21:34:00,93.882,93.84216666666667,1.7946002762494435,-0.7099999999999937
2014-04-14 21:39:00,94.0,93.94633333333333,1.7614138604763556,0.117999999999995
2014-04-14 21:44:00,93.084,93.82833333333333,1.7683672661181606,-0.9159999999999968
2014-04-14 21:49:00,95.292,94.03066666666666,1.786806869216206,2.2079999999999984
2014-04-14 21:54:00,98.466,94.24316666666668,2.1467796530588106,3.1739999999999924
2014-04-14 21:59:00,94.996,94.6365,1.749470179537317,-3.469999999999999
2014-04-14 22:04:00,95.632,94.83749999999999,1.7100462779488443,0.6360000000000099
2014-04-14 22:09:00,96.782,94.81583333333333,1.6809755735248801,1.1499999999999915
2014-04-14 22:14:00,95.578,94.83066666666666,1.6873722084046512,-1.2039999999999935
2014-04-14 22:19:00,92.87,94.858,1.649152068626167,-2.7079999999999984
2014-04-14 22:24:00,96.208,95.11516666666665,1.5935071573750341,3.337999999999994
2014-04-14 22:29:00,91.792,94.88183333333335,1.859821977469404,-4.415999999999997
2014-04-14 22:34:00,95.166,94.98883333333333,1.8338239150786977,3.3739999999999952
2014-04-14 22:39:00,95.584,95.12083333333334,1.8130676080925816,0.41800000000000637
2014-04-14 22:44:00,94.874,95.27,1.7003899018111146,-0.710000000000008
2014-04-14 22:49:00,95.876,95.31866666666667,1.7094101764978884,1.0020000000000095
2014-04-14 22:54:00,96.334,95.141,1.4425143452884772,0.4579999999999984
2014-04-14 22:59:00,92.916,94.96766666666667,1.579942193035163,-3.4180000000000064
2014-04-14 23:04:00,95.542,94.96016666666667,1.576712219855561,2.6260000000000048
2014-04-14 23:09:00,94.416,94.76299999999999,1.4726840060982647,-1.1260000000000048
2014-04-14 23:14:00,92.834,94.53433333333334,1.5458488302741906,-1.5819999999999936
2014-04-14 23:19:00,93.958,94.625,1.4693735214212933,1.1239999999999952
2014-04-14 23:24:00,93.266,94.37983333333334,1.4260356895527833,-0.6919999999999931
2014-04-14 23:29:00,95.25,94.668,1.184490070567158,1.9839999999999947
2014-04-14 23:34:00,95.142,94.666,1.1835926817799693,-0.10800000000000409
2014-04-14 23:39:00,94.306,94.5595,1.1505167613647762,-0.8359999999999985
2014-04-14 23:44:00,95.792,94.63599999999998,1.2026673385738031,1.4860000000000042
2014-04-14 23:49:00,94.916,94.556,1.1431414451570894,-0.8760000000000048
2014-04-14 23:54:00,93.198,94.29466666666666,1.0547655778617013,-1.7180000000000035
2014-04-14 23:59:00,94.376,94.41633333333333,0.9613482325577526,1.1780000000000115
2014-04-15 00:04:00,95.46,94.4095,0.9528735965009107,1.083999999999989
2014-04-15 00:09:00,95.956,94.53783333333335,1.052340925860959,0.4960000000000093
2014-04-15 00:14:00,95.682,94.77516666666668,0.9492475329371844,-0.2740000000000009
2014-04-15 00:19:00,93.218,94.7135,1.027934955494136,-2.4639999999999986
2014-04-15 00:24:00,94.584,94.82333333333332,0.9244116884248145,1.3659999999999997
2014-04-15 00:29:00,96.584,94.93450000000001,1.051817172152935,2.0
2014-04-15 00:34:00,96.458,95.04416666666667,1.1403024984091752,-0.12600000000000477
2014-04-15 00:39:00,93.792,95.00133333333333,1.179530055367211,-2.665999999999997
2014-04-15 00:44:00,93.084,94.77566666666667,1.2700791194632008,-0.7079999999999984
2014-04-15 00:49:00,93.792,94.682,1.2998858691157207,0.7079999999999984
2014-04-15 00:54:00,94.75,94.81133333333334,1.213124390933689,0.9579999999999984
2014-04-15 00:59:00,91.942,94.6085,1.4690207313344423,-2.808000000000007
2014-04-15 01:04:00,94.334,94.51466666666668,1.4454594320479741,2.39200000000001
2014-04-15 01:09:00,92.92,94.26166666666666,1.43591259124519,-1.4140000000000015
2014-04-15 01:14:00,93.958,94.118,1.3653997083769587,1.0379999999999967
2014-04-15 01:19:00,91.478,93.97300000000001,1.549626934575925,-2.480000000000004
2014-04-15 01:24:00,94.708,93.98333333333333,1.5544774821218164,3.230000000000004
2014-04-15 01:29:00,93.628,93.73700000000001,1.3216737322596013,-1.0799999999999983
2014-04-15 01:34:00,91.75,93.34466666666667,1.1246113941617415,-1.8780000000000001
2014-04-15 01:39:00,93.834,93.34816666666666,1.1261943828124947,2.084000000000003
2014-04-15 01:44:00,94.394,93.45733333333334,1.161207313205544,0.5600000000000023
2014-04-15 01:49:00,92.834,93.3775,1.1690123648150752,-1.5600000000000023
2014-04-15 01:54:00,95.852,93.46933333333334,1.3201474665100672,3.0180000000000007
2014-04-15 01:59:00,94.406,93.67466666666667,1.2507938812342019,-1.445999999999998
2014-04-15 02:04:00,93.584,93.61216666666667,1.2334712166985644,-0.8220000000000027
2014-04-15 02:09:00,92.25,93.55633333333334,1.281865071138793,-1.3340000000000032
2014-04-15 02:14:00,96.764,93.79016666666666,1.5824782539554818,4.513999999999996
2014-04-15 02:19:00,96.772,94.23133333333332,1.6168513359068417,0.008000000000009777
2014-04-15 02:24:00,93.584,94.13766666666668,1.6192826320391862,-3.1880000000000024
2014-04-15 02:29:00,93.5,94.127,1.6233616076187163,-0.08400000000000318
2014-04-15 02:34:00,93.792,94.29716666666666,1.4492301299988395,0.2920000000000016
2014-04-15 02:39:00,95.964,94.47466666666668,1.5162358495678034,2.171999999999997
2014-04-15 02:44:00,93.81,94.426,1.5283840545429916,-2.1539999999999964
2014-04-15 02:49:00,95.556,94.65283333333333,1.471564772202465,1.7459999999999951
2014-04-15 02:54:00,92.966,94.41233333333332,1.4934357784122776,-2.5900000000000034
2014-04-15 02:59:00,93.858,94.36666666666667,1.5020009280550586,0.8920000000000101
2014-04-15 03:04:00,95.354,94.51416666666665,1.5050599404149547,1.4959999999999951
2014-04-15 03:09:00,92.408,94.52733333333333,1.483995425950452,-2.945999999999998
2014-04-15 03:14:00,93.084,94.22066666666667,1.3543420632328906,0.6760000000000019
2014-04-15 03:19:00,95.124,94.08333333333333,1.138461907641638,2.039999999999992
2014-04-15 03:24:00,97.042,94.37150000000001,1.4066383201220658,1.9180000000000064
2014-04-15 03:29:00,93.762,94.39333333333333,1.3938567379971534,-3.280000000000001
2014-04-15 03:34:00,94.458,94.44883333333333,1.3809357718808117,0.695999999999998
2014-04-15 03:39:00,95.792,94.4345,1.3645752252822112,1.3340000000000032
2014-04-15 03:44:00,93.792,94.43299999999999,1.3653337920215025,-2.0
2014-04-15 03:49:00,95.812,94.45433333333334,1.38631462605849,2.019999999999996
2014-04-15 03:54:00,94.126,94.551,1.3115252744243915,-1.6859999999999928
2014-04-15 03:59:00,93.75,94.54199999999999,1.3170719591024544,-0.3760000000000048
2014-04-15 04:04:00,90.25,94.11666666666667,1.7753996391763134,-3.5
2014-04-15 04:09:00,97.708,94.55833333333334,1.9612097997887177,7.457999999999998
2014-04-15 04:14:00,95.218,94.73616666666665,1.9114912709157916,-2.489999999999995
2014-04-15 04:19:00,95.48,94.76583333333333,1.920797648389853,0.26200000000000045
2014-04-15 04:24:00,92.916,94.42199999999998,1.8440664551226313,-2.564000000000007
2014-04-15 04:29:00,94.874,94.51466666666666,1.835806750244116,1.9579999999999984
2014-04-15 04:34:00,93.376,94.42449999999998,1.8651795185351707,-1.4979999999999905
2014-04-15 04:39:00,92.084,94.1155,1.924246086133351,-1.2920000000000016
2014-04-15 04:44:00,95.456,94.25416666666668,1.9584664609809814,3.372
2014-04-15 04:49:00,95.542,94.23166666666667,1.9404098598600044,0.08599999999999852
2014-04-15 04:54:00,93.75,94.20033333333333,1.9453008803655591,-1.7920000000000016
2014-04-15 04:59:00,92.328,94.08183333333334,2.0172094961889004,-1.421999999999997
2014-04-15 05:04:00,95.042,94.48116666666665,1.6260896672877725,2.7139999999999986
2014-04-15 05:09:00,95.746,94.31766666666665,1.346794398382557,0.7039999999999935
2014-04-15 05:14:00,94.922,94.293,1.3314286243797178,-0.8239999999999981
2014-04-15 05:19:00,94.532,94.214,1.2817950481469513,-0.39000000000000057
2014-04-15 05:24:00,96.336,94.49900000000001,1.3455774022530225,1.804000000000002
2014-04-15 05:29:00,93.584,94.39150000000001,1.364294323084086,-2.7519999999999953
2014-04-15 05:34:00,94.176,94.45816666666667,1.3292566503214105,0.5919999999999987
2014-04-15 05:39:00,94.25,94.63866666666667,1.1058463918753223,0.07399999999999807
2014-04-15 05:44:00,96.512,94.72666666666665,1.2135700401804819,2.2620000000000005
2014-04-15 05:49:00,92.708,94.4905,1.3122231309704875,-3.804000000000002
2014-04-15 05:54:00,94.666,94.56683333333332,1.2917135788155225,1.9579999999999984
2014-04-15 05:59:00,92.458,94.57766666666667,1.2716188203395944,-2.2079999999999984
2014-04-15 06:04:00,95.034,94.577,1.271355325483714,2.5760000000000076
2014-04-15 06:09:00,93.5,94.38983333333334,1.248736804158533,-1.534000000000006
2014-04-15 06:14:00,92.346,94.17516666666667,1.3649459418753203,-1.1539999999999964
2014-04-15 06:19:00,91.454,93.91866666666668,1.566169695515473,-0.8920000000000101
2014-04-15 06:24:00,92.0,93.55733333333335,1.4539226772819493,0.5460000000000065
2014-04-15 06:29:00,92.0,93.42533333333334,1.521610709582029,0.0
2014-04-15 06:34:00,93.698,93.3855,1.506353121705633,1.6979999999999933
2014-04-15 06:39:00,94.208,93.382,1.504209124725904,0.5100000000000051
2014-04-15 06:44:00,93.824,93.15800000000002,1.155439625109131,-0.38400000000000034
2014-04-15 06:49:00,88.376,92.79700000000001,1.8036987250948318,-5.447999999999993
2014-04-15 06:54:00,94.0,92.74149999999999,1.7504208584845582,5.623999999999995
2014-04-15 06:59:00,91.166,92.63383333333333,1.808224334097927,-2.834000000000003
2014-04-15 07:04:00,91.514,92.3405,1.6631602175047928,0.347999999999999
2014-04-15 07:09:00,90.02799999999998,92.05116666666667,1.7431886057312418,-1.4860000000000184
2014-04-15 07:14:00,88.97399999999998,91.77016666666667,1.950763665539121,-1.054000000000002
2014-04-15 07:19:00,95.298,92.0905,2.1945087045954472,6.3240000000000265
2014-04-15 07:24:00,93.726,92.23433333333332,2.244041943107118,-1.5720000000000027
2014-04-15 07:29:00,91.542,92.19616666666667,2.252269555695961,-2.1839999999999975
2014-04-15 07:34:00,92.416,92.08933333333333,2.2044533988901924,0.8739999999999952
2014-04-15 07:39:00,95.47,92.19449999999999,2.340613769544549,3.054000000000002
2014-04-15 07:44:00,97.542,92.50433333333332,2.7806429385152724,2.0720000000000027
2014-04-15 07:49:00,92.552,92.85233333333333,2.4598154895080873,-4.989999999999995
2014-04-15 07:54:00,93.416,92.80366666666667,2.4407482955896778,0.8639999999999901
2014-04-15 07:59:00,89.87,92.69566666666667,2.546195998073546,-3.5459999999999923
2014-04-15 08:04:00,92.41,92.77033333333333,2.521410547989919,2.539999999999992
2014-04-15 08:09:00,91.73,92.91216666666666,2.3979749727002195,-0.6799999999999926
2014-04-15 08:14:00,93.624,93.29966666666667,2.054900985596545,1.8939999999999912
2014-04-15 08:19:00,93.134,93.11933333333333,1.9561712758870762,-0.4899999999999949
2014-04-15 08:24:00,92.334,93.00333333333333,1.9581971919150192,-0.7999999999999972
2014-04-15 08:29:00,94.376,93.2395,1.9367104490955687,2.0420000000000016
2014-04-15 08:34:00,94.078,93.37799999999999,1.9318870661514382,-0.2980000000000018
2014-04-15 08:39:00,93.042,93.17566666666669,1.8165709621717694,-1.0360000000000014
2014-04-15 08:44:00,93.958,92.877,1.2349452693060827,0.9159999999999968
2014-04-15 08:49:00,94.124,93.008,1.2798948820471723,0.16599999999999682
2014-04-15 08:54:00,91.458,92.84483333333333,1.3462404103368395,-2.665999999999997
2014-04-15 08:59:00,93.376,93.13700000000001,0.969731171745122,1.9180000000000064
2014-04-15 09:04:00,94.25,93.29033333333332,0.9895945297610202,0.8739999999999952
2014-04-15 09:09:00,95.834,93.63233333333334,1.103889926440371,1.5840000000000032
2014-04-15 09:14:00,94.564,93.71066666666667,1.136125899980107,-1.2700000000000102
2014-04-15 09:19:00,93.25,93.72033333333333,1.1312563678037424,-1.313999999999993
2014-04-15 09:24:00,94.348,93.88816666666666,1.0536162690580313,1.097999999999999
2014-04-15 09:29:00,97.188,94.1225,1.4207281423780371,2.8400000000000034
2014-04-15 09:34:00,95.114,94.20883333333332,1.4489746740575178,-2.073999999999998
2014-04-15 09:39:00,95.958,94.45183333333334,1.479689760685746,0.8439999999999941
2014-04-15 09:44:00,95.708,94.59766666666667,1.512468622263869,-0.25
2014-04-15 09:49:00,91.83,94.4065,1.7098712604381017,-3.878
2014-04-15 09:54:00,93.584,94.58366666666667,1.4698934614039962,1.7540000000000049
2014-04-15 09:59:00,93.166,94.56616666666667,1.486732221003209,-0.41800000000000637
2014-04-15 10:04:00,92.708,94.43766666666666,1.5802409099035453,-0.4579999999999984
2014-04-15 10:09:00,93.042,94.205,1.5613894744452979,0.3340000000000032
2014-04-15 10:14:00,95.084,94.24833333333333,1.579370837524776,2.0420000000000016
2014-04-15 10:19:00,97.042,94.56433333333332,1.73331439383576,1.9579999999999984
2014-04-15 10:24:00,93.958,94.53183333333334,1.7413769804032186,-3.084000000000003
2014-04-15 10:29:00,94.124,94.2765,1.528073564387948,0.16599999999999682
2014-04-15 10:34:00,92.416,94.05166666666668,1.5908417059320608,-1.7079999999999984
2014-04-15 10:39:00,95.166,93.98566666666666,1.5193871571567388,2.75
2014-04-15 10:44:00,93.084,93.767,1.4354821806308216,-2.0819999999999936
2014-04-15 10:49:00,95.43,94.06700000000001,1.3684862240644,2.3460000000000036
2014-04-15 10:54:00,93.904,94.09366666666666,1.3613177662124125,-1.5260000000000105
2014-04-15 10:59:00,94.054,94.16766666666666,1.3300834788108389,0.15000000000000568
2014-04-15 11:04:00,93.334,94.21983333333333,1.2789221195515634,-0.7199999999999989
2014-04-15 11:09:00,93.058,94.22116666666666,1.2775901913247343,-0.27599999999999625
2014-04-15 11:14:00,93.92,94.12416666666667,1.2500151150599228,0.8619999999999948
2014-04-15 11:19:00,94.208,93.88799999999999,0.853436688816279,0.2879999999999967
2014-04-15 11:24:00,95.806,94.04199999999999,1.018069831503553,1.597999999999999
2014-04-15 11:29:00,90.75,93.76083333333332,1.3909778008378753,-5.055999999999997
2014-04-15 11:34:00,93.584,93.85816666666666,1.3277465416213268,2.834000000000003
2014-04-15 11:39:00,93.334,93.70550000000001,1.267662738342244,-0.25
2014-04-15 11:44:00,94.292,93.80616666666667,1.26177262274733,0.9579999999999984
2014-04-15 11:49:00,95.272,93.79299999999999,1.2439864074087414,0.980000000000004
2014-04-15 11:54:00,93.958,93.7975,1.2445219965912715,-1.3140000000000072
2014-04-15 11:59:00,90.75,93.52216666666668,1.5180414315420856,-3.2079999999999984
2014-04-15 12:04:00,95.446,93.69816666666667,1.6136622285591005,4.695999999999998
2014-04-15 12:09:00,93.732,93.75433333333335,1.6010348547299442,-1.7139999999999986
2014-04-15 12:14:00,91.162,93.52449999999999,1.7646865547068669,-2.569999999999993
2014-04-15 12:19:00,92.19,93.35633333333334,1.7896079475852202,1.0279999999999916
2014-04-15 12:24:00,93.87,93.19500000000001,1.6287281150415727,1.6800000000000068
2014-04-15 12:29:00,92.918,93.37566666666667,1.442451406670476,-0.9519999999999982
2014-04-15 12:34:00,93.208,93.34433333333334,1.441598061075468,0.28999999999999204
2014-04-15 12:39:00,92.792,93.29916666666666,1.4504149771910768,-0.4159999999999968
2014-04-15 12:44:00,96.75,93.504,1.7466797593771275,3.9579999999999984
2014-04-15 12:49:00,93.374,93.34583333333335,1.6555874449506933,-3.3760000000000048
2014-04-15 12:54:00,94.358,93.37916666666666,1.6729687185757263,0.9840000000000089
2014-04-15 12:59:00,93.27,93.58916666666666,1.457184946977054,-1.088000000000008
2014-04-15 13:04:00,93.54,93.43033333333335,1.335158099819914,0.27000000000001023
2014-04-15 13:09:00,93.024,93.37133333333333,1.336258367323477,-0.5160000000000053
2014-04-15 13:14:00,95.166,93.705,1.2301191368760285,2.141999999999996
2014-04-15 13:19:00,95.04,93.9425,1.1853365076479914,-0.12599999999999056
2014-04-15 13:24:00,93.904,93.94533333333334,1.185188081225207,-1.13600000000001
2014-04-15 13:29:00,93.834,94.02166666666666,1.1417068030987267,-0.06999999999999318
2014-04-15 13:34:00,94.406,94.12150000000001,1.116182495668088,0.5720000000000027
2014-04-15 13:39:00,94.376,94.25350000000002,1.0354010641465587,-0.030000000000001137
2014-04-15 13:44:00,95.334,94.1355,0.7722746214324063,0.9579999999999984
2014-04-15 13:49:00,95.084,94.278,0.776740508909689,-0.25
2014-04-15 13:54:00,89.958,93.91133333333335,1.4671943128006761,-5.126000000000005
2014-04-15 13:59:00,91.1,93.7305,1.6727530111654723,1.141999999999996
2014-04-15 14:04:00,93.822,93.754,1.6718140392453038,2.7220000000000084
2014-04-15 14:09:00,93.608,93.80266666666667,1.6570669231742872,-0.21399999999999864
2014-04-15 14:14:00,90.504,93.41416666666667,1.844301189824328,-3.103999999999999
2014-04-15 14:19:00,88.384,92.85949999999998,2.264012869381905,-2.1200000000000045
2014-04-15 14:24:00,91.124,92.62783333333334,2.289506569838352,2.739999999999995
2014-04-15 14:29:00,93.542,92.6035,2.2770395652728186,2.4180000000000064
2014-04-15 14:34:00,86.728,91.96366666666667,2.7534087083379473,-6.814000000000007
2014-04-15 14:39:00,91.44,91.719,2.647990455901458,4.712000000000003
2014-04-15 14:44:00,93.172,91.53883333333333,2.4454754448807967,1.7319999999999993
2014-04-15 14:49:00,92.634,91.33466666666668,2.2138987959678023,-0.5379999999999967
2014-04-15 14:54:00,95.804,91.82183333333332,2.5072001709016845,3.1700000000000017
2014-04-15 14:59:00,92.916,91.97316666666667,2.5144657062442715,-2.8880000000000052
2014-04-15 15:04:00,89.948,91.65033333333334,2.5041851272449707,-2.9680000000000035
2014-04-15 15:09:00,92.834,91.58583333333333,2.4587332227400815,2.88600000000001
2014-04-15 15:14:00,91.666,91.68266666666666,2.435021050248082,-1.1680000000000064
2014-04-15 15:19:00,92.0,91.984,2.202322740777377,0.3340000000000032
2014-04-15 15:24:00,89.92,91.88366666666667,2.271406746062963,-2.0799999999999983
2014-04-15 15:29:00,94.024,91.92383333333333,2.30737496788536,4.103999999999999
2014-04-15 15:34:00,91.876,92.35283333333332,1.633759848455061,-2.147999999999996
2014-04-15 15:39:00,92.042,92.403,1.6122834174491385,0.16599999999999682
2014-04-15 15:44:00,76.874,91.04483333333333,4.738786914838258,-15.168000000000006
2014-04-15 15:49:00,86.124,90.50233333333334,4.909865677357876,9.25
2014-04-15 15:54:00,84.626,89.57083333333333,4.872799341676456,-1.4979999999999905
2014-04-15 15:59:00,82.374,88.69233333333334,5.156893274290679,-2.2520000000000095
2014-04-15 16:04:00,85.52799999999998,88.324,5.2165584614589005,3.153999999999982
2014-04-15 16:09:00,90.23,88.10699999999999,5.0638197224840535,4.702000000000027
2014-04-15 16:14:00,90.458,88.00633333333333,4.998218652377066,0.22799999999999443
2014-04-15 16:19:00,90.584,87.88833333333334,4.91132263861848,0.12600000000000477
2014-04-15 16:24:00,91.626,88.0305,4.999381207164118,1.0420000000000016
2014-04-15 16:29:00,90.0,87.69516666666665,4.685950409727423,-1.6260000000000048
2014-04-15 16:34:00,93.404,87.82249999999999,4.82847885890675,3.4039999999999964
2014-04-15 16:39:00,95.766,88.13283333333334,5.227511311814812,2.362000000000009
2014-04-15 16:44:00,93.768,89.54066666666665,4.0654358892617,-1.9980000000000047
2014-04-15 16:49:00,89.292,89.80466666666666,3.9237891087183856,-4.475999999999999
2014-04-15 16:54:00,54.958,87.33233333333334,10.801850576581234,-34.334
2014-04-15 16:59:00,54.7775,85.03262500000001,14.318608164846538,-0.180499999999995
2014-04-15 17:04:00,90.03200000000002,85.40795833333334,14.391619373880491,35.25450000000002
2014-04-15 17:09:00,93.18,85.65379166666666,14.50621536924831,3.147999999999982
2014-04-15 17:14:00,88.178,85.46379166666668,14.45240193226521,-5.0020000000000095
2014-04-15 17:19:00,87.99799999999998,85.24829166666666,14.38825130959655,-0.18000000000002103
2014-04-15 17:24:00,87.986,84.94495833333333,14.279531706190749,-0.011999999999972033
2014-04-15 17:29:00,87.542,84.74012499999999,14.217923969612533,-0.4440000000000026
2014-04-15 17:34:00,89.084,84.380125,14.032087585447957,1.5420000000000016
2014-04-15 17:39:00,89.876,83.88929166666667,13.696614665440565,0.7920000000000016
2014-04-15 17:44:00,87.044,83.32895833333333,13.389838111687462,-2.832000000000008
2014-04-15 17:49:00,88.0,83.22129166666666,13.342642065706539,0.9560000000000031
2014-04-15 17:54:00,88.49799999999998,86.01629166666667,9.970742496420451,0.49799999999997624
2014-04-15 17:59:00,89.322,88.895,1.629133288815621,0.8240000000000265
2014-04-15 18:04:00,88.166,88.7395,1.599526549269545,-1.156000000000006
2014-04-15 18:09:00,92.916,88.71749999999999,1.5333457476440648,4.75
2014-04-15 18:14:00,87.626,88.6715,1.5590661832123505,-5.289999999999992
2014-04-15 18:19:00,89.072,88.76100000000001,1.547673796966959,1.445999999999998
2014-04-15 18:24:00,85.238,88.532,1.8471070254959114,-3.834000000000003
2014-04-15 18:29:00,89.756,88.7165,1.8498019795741154,4.518000000000001
2014-04-15 18:34:00,87.666,88.59833333333331,1.8693794465414162,-2.0900000000000034
2014-04-15 18:39:00,89.626,88.5775,1.855185190461877,1.960000000000008
2014-04-15 18:44:00,90.292,88.84816666666666,1.8480357057418806,0.6659999999999968
2014-04-15 18:49:00,87.74600000000002,88.827,1.860048972962299,-2.545999999999978
2014-04-15 18:54:00,85.458,88.57366666666667,2.100419669465788,-2.288000000000025
2014-04-15 18:59:00,88.0,88.46350000000001,2.092255003578677,2.5420000000000016
2014-04-15 19:04:00,88.958,88.5295,2.0945078180804186,0.9579999999999984
2014-04-15 19:09:00,92.606,88.50366666666667,2.03659820348154,3.647999999999996
2014-04-15 19:14:00,76.982,87.61666666666667,3.9099213043309207,-15.623999999999995
2014-04-15 19:19:00,92.262,87.8825,4.120629353961286,15.280000000000001
2014-04-15 19:24:00,86.552,87.992,4.060994235629779,-5.709999999999994
2014-04-15 19:29:00,88.042,87.84916666666668,4.023277764422574,1.4899999999999949
2014-04-15 19:34:00,88.334,87.90483333333333,4.025133895758998,0.2920000000000016
2014-04-15 19:39:00,90.696,87.99400000000001,4.07822956240039,2.3619999999999948
2014-04-15 19:44:00,87.89399999999998,87.79416666666667,4.01363036376917,-2.802000000000021
2014-04-15 19:49:00,93.85,88.30283333333334,4.377290690356175,5.956000000000017
2014-04-15 19:54:00,91.348,88.79366666666665,4.359486694832801,-2.5019999999999953
2014-04-15 19:59:00,91.626,89.09583333333332,4.424651148721074,0.2780000000000058
2014-04-15 20:04:00,89.084,89.10633333333334,4.4244438239755155,-2.5420000000000016
2014-04-15 20:09:00,90.982,88.971,4.331527255326499,1.8979999999999961
2014-04-15 20:14:00,90.982,90.13766666666668,2.139627806772696,0.0
2014-04-15 20:19:00,92.188,90.1315,2.133045134415663,1.206000000000003
2014-04-15 20:24:00,90.25,90.43966666666667,1.8118378079795108,-1.9380000000000024
2014-04-15 20:29:00,93.166,90.86666666666667,1.799152797257222,2.915999999999997
2014-04-15 20:34:00,93.75,91.318,1.7853252313844155,0.5840000000000032
2014-04-15 20:39:00,89.584,91.22533333333332,1.8482934307247463,-4.165999999999997
2014-04-15 20:44:00,91.708,91.54316666666666,1.5225888141482202,2.1239999999999952
2014-04-15 20:49:00,89.12,91.149,1.4828379424724756,-2.587999999999994
2014-04-15 20:54:00,91.618,91.1715,1.488170841854218,2.4979999999999905
2014-04-15 20:59:00,91.266,91.1415,1.481790593719641,-0.35199999999998965
2014-04-15 21:04:00,94.084,91.55816666666668,1.5519607441925658,2.817999999999998
2014-04-15 21:09:00,94.5,91.85133333333334,1.7525425339582743,0.4159999999999968
2014-04-15 21:14:00,93.708,92.0785,1.8054884254807573,-0.7920000000000016
2014-04-15 21:19:00,92.708,92.12183333333333,1.8145728189166288,-1.0
2014-04-15 21:24:00,93.662,92.40616666666666,1.7611367110906007,0.9540000000000077
2014-04-15 21:29:00,91.652,92.28000000000002,1.7559776349785798,-2.010000000000005
2014-04-15 21:34:00,93.752,92.28016666666667,1.7561299306522975,2.0999999999999943
2014-04-15 21:39:00,91.076,92.4045,1.5931419214300038,-2.676000000000002
2014-04-15 21:44:00,92.508,92.47116666666666,1.5780131254973522,1.4320000000000022
2014-04-15 21:49:00,93.64,92.84783333333333,1.199420301898184,1.132000000000005
2014-04-15 21:54:00,93.584,93.01166666666667,1.1493893503888637,-0.055999999999997385
2014-04-15 21:59:00,92.124,93.08316666666667,1.0536217911505672,-1.460000000000008
2014-04-15 22:04:00,90.166,92.75666666666666,1.2947542647390995,-1.9579999999999984
2014-04-15 22:09:00,94.484,92.75533333333334,1.2928025465019408,4.317999999999998
2014-04-15 22:14:00,92.148,92.62533333333333,1.266462599191545,-2.3359999999999985
2014-04-15 22:19:00,93.486,92.69016666666666,1.2907600180676149,1.338000000000008
2014-04-15 22:24:00,94.56,92.76499999999999,1.3754765124723562,1.073999999999998
2014-04-15 22:29:00,91.458,92.74883333333334,1.390802112146439,-3.102000000000004
2014-04-15 22:34:00,91.0,92.5195,1.4364914643923987,-0.4579999999999984
2014-04-15 22:39:00,91.876,92.58616666666667,1.380897325742182,0.8760000000000048
2014-04-15 22:44:00,90.042,92.38066666666667,1.5648282701788743,-1.8340000000000032
2014-04-15 22:49:00,93.626,92.37950000000001,1.5638088990432193,3.584000000000003
2014-04-15 22:54:00,93.666,92.38633333333333,1.5697186391389055,0.03999999999999204
2014-04-15 22:59:00,95.166,92.63983333333334,1.7578593300494503,1.5
2014-04-15 23:04:00,92.59,92.84183333333334,1.5777932710149554,-2.5759999999999934
2014-04-15 23:09:00,94.042,92.805,1.5406951205689348,1.4519999999999982
2014-04-15 23:14:00,87.708,92.435,2.132350730148097,-6.334000000000003
2014-04-15 23:19:00,92.782,92.37633333333333,2.1103774472109142,5.073999999999998
2014-04-15 23:24:00,91.514,92.1225,2.0043739671028193,-1.2680000000000007
2014-04-15 23:29:00,88.834,91.90383333333334,2.2154735932580514,-2.6799999999999926
2014-04-15 23:34:00,90.964,91.90083333333332,2.216832705105133,2.1299999999999955
2014-04-15 23:39:00,91.084,91.83483333333334,2.2293934696288464,0.12000000000000455
2014-04-15 23:44:00,90.158,91.8445,2.2211492725408157,-0.9260000000000019
2014-04-15 23:49:00,88.958,91.45550000000001,2.2885253886607826,-1.2000000000000028
2014-04-15 23:54:00,91.896,91.30799999999999,2.187931526267654,2.9380000000000024
2014-04-15 23:59:00,92.916,91.1205,1.9054255788046919,1.019999999999996
2014-04-16 00:04:00,91.348,91.017,1.8513113779646533,-1.5679999999999978
2014-04-16 00:09:00,92.75,90.90933333333334,1.6899287415493947,1.402000000000001
2014-04-16 00:14:00,93.704,91.40899999999999,1.5368230512679784,0.9539999999999935
2014-04-16 00:19:00,93.292,91.4515,1.5845550278747549,-0.41199999999999193
2014-04-16 00:24:00,93.916,91.65166666666666,1.7375012012202866,0.6239999999999952
2014-04-16 00:29:00,92.126,91.926,1.4951635970079258,-1.789999999999992
2014-04-16 00:34:00,93.084,92.10266666666666,1.4964091159919233,0.9579999999999984
2014-04-16 00:39:00,93.454,92.30016666666667,1.506108400863295,0.36999999999999034
2014-04-16 00:44:00,91.292,92.39466666666665,1.3906292449712003,-2.161999999999992
2014-04-16 00:49:00,94.25,92.83566666666667,0.9802670631776704,2.9579999999999984
2014-04-16 00:54:00,91.542,92.80616666666667,1.0157986408670467,-2.7079999999999984
2014-04-16 00:59:00,93.292,92.83749999999999,1.0252496370061672,1.75
2014-04-16 01:04:00,92.63,92.94433333333335,0.9170104919921566,-0.6620000000000061
2014-04-16 01:09:00,94.392,93.08116666666668,1.0037784827459146,1.7620000000000005
2014-04-16 01:14:00,90.292,92.79683333333332,1.2614806475891276,-4.099999999999994
2014-04-16 01:19:00,94.292,92.88016666666665,1.3284190079208877,4.0
2014-04-16 01:24:00,93.57,92.85133333333333,1.3074823366323223,-0.7220000000000084
2014-04-16 01:29:00,91.876,92.83050000000001,1.32200154724136,-1.6939999999999884
2014-04-16 01:34:00,91.376,92.68816666666667,1.3827762478125725,-0.5
2014-04-16 01:39:00,92.658,92.62183333333333,1.3616293604175054,1.2819999999999965
2014-04-16 01:44:00,90.666,92.56966666666666,1.4276029071858654,-1.9920000000000044
2014-04-16 01:49:00,92.5,92.42383333333333,1.3261247598877568,1.8340000000000032
2014-04-16 01:54:00,92.042,92.4655,1.3035618686713817,-0.4579999999999984
2014-04-16 01:59:00,92.5,92.3995,1.27770479589537,0.4579999999999984
2014-04-16 02:04:00,93.208,92.44766666666665,1.2979188469749618,0.7079999999999984
2014-04-16 02:09:00,95.34,92.52666666666666,1.4472794121969603,2.132000000000005
2014-04-16 02:14:00,93.962,92.8325,1.3137328149553011,-1.3780000000000001
2014-04-16 02:19:00,93.558,92.77133333333335,1.2553936965481414,-0.40399999999999636
2014-04-16 02:24:00,90.082,92.48066666666666,1.443384490660157,-3.4760000000000133
2014-04-16 02:29:00,90.344,92.35300000000001,1.5644076427602795,0.26200000000000045
2014-04-16 02:34:00,92.506,92.44716666666666,1.533965617330132,2.162000000000006
2014-04-16 02:39:00,90.894,92.30016666666667,1.595223656780145,-1.6119999999999948
2014-04-16 02:44:00,91.416,92.36266666666667,1.539081741188591,0.5219999999999914
2014-04-16 02:49:00,90.374,92.18549999999999,1.6408361781835115,-1.0420000000000016
2014-04-16 02:54:00,92.166,92.19583333333333,1.6402406604647783,1.7920000000000016
2014-04-16 02:59:00,91.632,92.12349999999999,1.644740626139039,-0.5339999999999918
2014-04-16 03:04:00,92.416,92.0575,1.6128470873806484,0.7839999999999918
2014-04-16 03:09:00,98.292,92.3035,2.2559421535135824,5.876000000000005
2014-04-16 03:14:00,92.124,92.15033333333332,2.194665074192027,-6.168000000000006
2014-04-16 03:19:00,91.416,91.97183333333334,2.1565434394094924,-0.7079999999999984
2014-04-16 03:24:00,91.458,92.0865,2.0822245316006405,0.04200000000000159
2014-04-16 03:29:00,58.462,89.42966666666666,9.9569883301157,-32.995999999999995
2014-04-16 03:34:00,24.432,83.75683333333333,21.1480026386905,-34.03
2014-04-16 03:39:00,24.624,78.23433333333332,26.966974628349778,0.19200000000000017
2014-04-16 03:44:00,23.994,72.61583333333333,30.731745274326038,-0.629999999999999
2014-04-16 03:49:00,24.292,67.109,33.090481559176226,0.2980000000000018
2014-04-16 03:54:00,25.208,61.52916666666667,34.110789734823406,0.9159999999999968
2014-04-16 03:59:00,24.542,55.93833333333333,34.22623482687283,-0.6659999999999968
2014-04-16 04:04:00,18.7225,49.79720833333334,33.6933008511797,-5.8195000000000014
2014-04-16 04:09:00,35.93199999999999,44.600541666666665,30.15725270030287,17.209499999999988
2014-04-16 04:14:00,24.638,38.97670833333333,26.568184589551286,-11.293999999999986
2014-04-16 04:19:00,23.59,33.32454166666667,21.036894825151133,-1.0480000000000018
2014-04-16 04:24:00,24.608,27.753708333333336,10.410350161035872,1.0180000000000007
2014-04-16 04:29:00,24.204,24.898874999999993,3.8604011456949165,-0.4039999999999999
2014-04-16 04:34:00,24.294,24.887375000000002,3.8621235510874636,0.08999999999999986
2014-04-16 04:39:00,24.82,24.90370833333333,3.8613228212524584,0.5259999999999998
2014-04-16 04:44:00,24.584,24.952875000000002,3.8524323964631724,-0.23600000000000065
2014-04-16 04:49:00,24.584,24.977208333333333,3.848799065696579,0.0
2014-04-16 04:54:00,25.376,24.991208333333333,3.8500202446832015,0.7920000000000016
2014-04-16 04:59:00,25.124,25.039708333333333,3.847511985085893,-0.25200000000000244
2014-04-16 05:04:00,24.952,25.558833333333336,3.2988085406521526,-0.17199999999999704
2014-04-16 05:09:00,36.462,25.602999999999998,3.450382903652725,11.510000000000002
2014-04-16 05:14:00,24.652,25.604166666666668,3.4500292971967617,-11.810000000000002
2014-04-16 05:19:00,25.048,25.725666666666665,3.397927585865936,0.39599999999999724
2014-04-16 05:24:00,25.32,25.784999999999997,3.382819856542617,0.272000000000002
2014-04-16 05:29:00,25.166,25.865166666666667,3.3532162534535512,-0.15399999999999991
2014-04-16 05:34:00,24.792,25.906666666666666,3.335035868236663,-0.3739999999999988
2014-04-16 05:39:00,25.334,25.9495,3.3230899230030575,0.541999999999998
2014-04-16 05:44:00,24.876,25.97383333333333,3.3132365344680967,-0.4579999999999984
2014-04-16 05:49:00,24.708,25.984166666666667,3.308698118962362,-0.1680000000000028
2014-04-16 05:54:00,25.75,26.015333333333334,3.3042070519907,1.0420000000000016
2014-04-16 05:59:00,25.5,26.046666666666667,3.296760650681153,-0.25
2014-04-16 06:04:00,25.416,26.085333333333335,3.2854561419393336,-0.08399999999999963
2014-04-16 06:09:00,36.334,26.07466666666667,3.248706521156827,10.918000000000003
2014-04-16 06:14:00,25.334,26.131500000000003,3.227451584032448,-11.000000000000004
2014-04-16 06:19:00,25.108,26.1365,3.225666400493634,-0.2259999999999991
2014-04-16 06:24:00,25.32,26.1365,3.225666400493634,0.21199999999999974
2014-04-16 06:29:00,25.402,26.156166666666667,3.219925742603332,0.08200000000000074
2014-04-16 06:34:00,24.666,26.145666666666667,3.224980093901579,-0.7360000000000007
2014-04-16 06:39:00,25.208,26.135166666666667,3.2280666274902043,0.541999999999998
2014-04-16 06:44:00,25.122,26.155666666666665,3.22011460364486,-0.08599999999999852
2014-04-16 06:49:00,25.25,26.200833333333332,3.201711639770711,0.1280000000000001
2014-04-16 06:54:00,25.542,26.1835,3.204935639688617,0.2920000000000016
2014-04-16 06:59:00,25.584,26.1905,3.2033984368878277,0.04199999999999804
2014-04-16 07:04:00,25.334,26.183666666666667,3.2052876578706324,-0.25
2014-04-16 07:09:00,36.67,26.211666666666662,3.3020251453625984,11.336000000000002
2014-04-16 07:14:00,25.108,26.19283333333333,3.3081249243570507,-11.562000000000001
2014-04-16 07:19:00,24.976,26.18183333333333,3.3122769381729458,-0.13200000000000145
2014-04-16 07:24:00,25.274,26.177999999999997,3.3133914512311606,0.2980000000000018
2014-04-16 07:29:00,24.842,26.131333333333334,3.329220201716309,-0.43200000000000216
2014-04-16 07:34:00,24.542,26.121,3.3343702690178123,-0.29999999999999716
2014-04-16 07:39:00,25.0,26.103666666666665,3.340083595397464,0.4579999999999984
2014-04-16 07:44:00,24.916,26.0865,3.3461115696229355,-0.08399999999999963
2014-04-16 07:49:00,24.516,26.025333333333336,3.3694203799719804,-0.40000000000000213
2014-04-16 07:54:00,25.25,26.001,3.3742791284012745,0.7340000000000018
2014-04-16 07:59:00,25.204,25.969333333333335,3.380326001850814,-0.045999999999999375
2014-04-16 08:04:00,24.8,25.924833333333336,3.392941492230274,-0.4039999999999999
2014-04-16 08:09:00,36.0,25.869,3.2000786922143747,11.2
2014-04-16 08:14:00,25.292,25.884333333333334,3.1965397010841095,-10.707999999999998
2014-04-16 08:19:00,25.166,25.900166666666667,3.1920989342533597,-0.12600000000000122
2014-04-16 08:24:00,25.376,25.908666666666665,3.19041534296193,0.21000000000000085
2014-04-16 08:29:00,24.874,25.91133333333333,3.1894559619681475,-0.5020000000000024
2014-04-16 08:34:00,24.542,25.911333333333335,3.1894559619681475,-0.3319999999999972
2014-04-16 08:39:00,25.042,25.914833333333334,3.188387846640821,0.5
2014-04-16 08:44:00,24.666,25.894000000000002,3.196314582310655,-0.3760000000000012
2014-04-16 08:49:00,24.792,25.917,3.1864752256430915,0.12600000000000122
2014-04-16 08:54:00,25.45,25.933666666666667,3.183190718684003,0.6579999999999977
2014-04-16 08:59:00,25.214,25.9345,3.182983634608046,-0.23600000000000065
2014-04-16 09:04:00,24.916,25.944166666666664,3.179399080825234,-0.29799999999999827
2014-04-16 09:09:00,36.166,25.958000000000002,3.2271315718171456,11.249999999999996
2014-04-16 09:14:00,24.958,25.930166666666665,3.234829033934977,-11.207999999999998
2014-04-16 09:19:00,24.666,25.888499999999997,3.2487569790754938,-0.29199999999999804
2014-04-16 09:24:00,24.624,25.825833333333332,3.266744552256541,-0.04200000000000159
2014-04-16 09:29:00,25.126,25.846833333333333,3.260874222807515,0.5020000000000024
2014-04-16 09:34:00,25.126,25.8955,3.243943965999763,0.0
2014-04-16 09:39:00,24.916,25.885,3.247160045891976,-0.21000000000000085
2014-04-16 09:44:00,25.25,25.933666666666667,3.2315683592656494,0.33399999999999963
2014-04-16 09:49:00,24.834,25.937166666666666,3.2302419226411976,-0.41600000000000037
2014-04-16 09:54:00,25.666,25.955166666666667,3.227881428298186,0.8320000000000007
2014-04-16 09:59:00,25.364,25.967666666666663,3.225039515849178,-0.3019999999999996
2014-04-16 10:04:00,24.792,25.957333333333334,3.2289118159454797,-0.5719999999999992
2014-04-16 10:09:00,36.626,25.995666666666665,3.3611487033544694,11.833999999999996
2014-04-16 10:14:00,24.484,25.95616666666667,3.3771987809516677,-12.141999999999996
2014-04-16 10:19:00,24.94,25.979000000000003,3.3685982517686797,0.4559999999999995
2014-04-16 10:24:00,24.726,25.9875,3.364995110087073,-0.2140000000000022
2014-04-16 10:29:00,26.458,26.0985,3.3559506037107107,1.7319999999999993
2014-04-16 10:34:00,24.916,26.081,3.362024876875259,-1.541999999999998
2014-04-16 10:39:00,25.272,26.110666666666663,3.3523671238893513,0.3559999999999981
2014-04-16 10:44:00,25.166,26.103666666666665,3.354414712078232,-0.1059999999999981
2014-04-16 10:49:00,24.75,26.096666666666664,3.3573914477364957,-0.41600000000000037
2014-04-16 10:54:00,25.334,26.069,3.3626268411359743,0.5839999999999996
2014-04-16 10:59:00,25.626,26.090833333333336,3.35848119984284,0.2920000000000016
2014-04-16 11:04:00,25.082,26.115,3.3493164024375477,-0.5440000000000005
2014-04-16 11:09:00,35.876,26.0525,3.135518646383563,10.793999999999997
2014-04-16 11:14:00,24.916,26.088499999999996,3.1183057317018275,-10.959999999999997
2014-04-16 11:19:00,24.992,26.09283333333333,3.1166002990828416,0.07600000000000051
2014-04-16 11:24:00,25.484,26.155999999999995,3.0939785507866904,0.4920000000000009
2014-04-16 11:29:00,25.084,26.0415,3.1071821932128496,-0.40000000000000213
2014-04-16 11:34:00,24.792,26.031166666666667,3.111468692473581,-0.29199999999999804
2014-04-16 11:39:00,25.084,26.015500000000003,3.1161085434474654,0.29199999999999804
2014-04-16 11:44:00,25.374,26.032833333333333,3.1115287629114206,0.28999999999999915
2014-04-16 11:49:00,24.75,26.032833333333333,3.1115287629114206,-0.6239999999999988
2014-04-16 11:54:00,25.416,26.039666666666665,3.1099441483829637,0.6660000000000004
2014-04-16 11:59:00,25.334,26.01533333333333,3.114613921305289,-0.08200000000000074
2014-04-16 12:04:00,25.042,26.012,3.1157248098813093,-0.29199999999999804
2014-04-16 12:09:00,35.854,26.010166666666667,3.1093930958055553,10.811999999999998
2014-04-16 12:14:00,24.626,25.986,3.119779829061502,-11.227999999999998
2014-04-16 12:19:00,25.11,25.995833333333334,3.1165462770462002,0.4839999999999982
2014-04-16 12:24:00,24.97,25.953000000000003,3.127732434499315,-0.14000000000000057
2014-04-16 12:29:00,24.94,25.941000000000003,3.1316433675977557,-0.029999999999997584
2014-04-16 12:34:00,24.666,25.9305,3.1360541652327307,-0.2740000000000009
2014-04-16 12:39:00,24.708,25.899166666666662,3.1471394755855213,0.04199999999999804
2014-04-16 12:44:00,25.126,25.878500000000003,3.1517126224556518,0.4180000000000028
2014-04-16 12:49:00,25.25,25.92016666666667,3.138715482293467,0.12399999999999878
2014-04-16 12:54:00,25.416,25.92016666666667,3.138715482293467,0.16600000000000037
2014-04-16 12:59:00,25.692,25.950000000000003,3.1343358293121564,0.2759999999999998
2014-04-16 13:04:00,26.0425,26.033374999999996,3.1212664615287933,0.35050000000000026
2014-04-16 13:09:00,36.386,26.077708333333334,3.273501478528013,10.343500000000002
2014-04-16 13:14:00,24.726,26.08604166666667,3.26959486271445,-11.660000000000004
2014-04-16 13:19:00,24.706,26.052375,3.282612769820978,-0.019999999999999574
2014-04-16 13:24:00,24.76,26.034875,3.289460235668809,0.054000000000002046
2014-04-16 13:29:00,23.756,25.93620833333333,3.3426137531357636,-1.0040000000000013
2014-04-16 13:34:00,24.334,25.908541666666665,3.3554323760023954,0.5779999999999994
2014-04-16 13:39:00,24.416,25.884208333333333,3.365972312979306,0.08200000000000074
2014-04-16 13:44:00,24.916,25.86670833333333,3.3708150920023088,0.5
2014-04-16 13:49:00,24.292,25.786875,3.3979838281827854,-0.6239999999999988
2014-04-16 13:54:00,25.026,25.754375,3.4037137813985834,0.7339999999999982
2014-04-16 13:59:00,24.334,25.641208333333335,3.428461578253638,-0.6920000000000002
2014-04-16 14:04:00,24.284,25.49466666666667,3.4472798587064606,-0.05000000000000071
2014-04-16 14:09:00,36.166,25.476333333333333,3.3840978745070633,11.881999999999998
2014-04-16 14:14:00,24.082,25.422666666666668,3.4021371180035884,-12.083999999999996
2014-04-16 14:19:00,85.266,30.469333333333328,17.587197581987866,61.184000000000005
2014-04-16 14:24:00,94.834,36.30883333333333,25.411918126713484,9.567999999999998
2014-04-16 14:29:00,92.162,42.00933333333334,29.657860541158218,-2.671999999999997
2014-04-16 14:34:00,94.4,47.848166666666664,32.61167730021465,2.2379999999999995
2014-04-16 14:39:00,94.334,53.67466666666667,34.24938685405609,-0.0660000000000025
2014-04-16 14:44:00,93.882,59.42183333333333,34.767324193933355,-0.4519999999999982
2014-04-16 14:49:00,91.75,65.04333333333334,34.01633988470127,-2.132000000000005
2014-04-16 14:54:00,92.208,70.64183333333334,32.317514097223594,0.4579999999999984
2014-04-16 14:59:00,93.374,76.39516666666667,29.331591302439374,1.1659999999999968
2014-04-16 15:04:00,88.626,81.757,24.4071398719161,-4.7479999999999905
2014-04-16 15:09:00,90.874,86.31600000000002,19.789712387087402,2.2479999999999905
2014-04-16 15:14:00,91.25,91.91333333333334,2.7513929474940046,0.3760000000000048
2014-04-16 15:19:00,92.374,92.50566666666667,1.7859721739336403,1.1239999999999952
2014-04-16 15:24:00,85.958,91.766,2.4489735140935798,-6.415999999999997
2014-04-16 15:29:00,86.75,91.315,2.83700886017859,0.7920000000000016
2014-04-16 15:34:00,85.584,90.58033333333333,3.0952327958669854,-1.1659999999999968
2014-04-16 15:39:00,84.958,89.79899999999999,3.2414918563139863,-0.6260000000000048
2014-04-16 15:44:00,85.25,89.07966666666668,3.2106809057880934,0.2920000000000016
2014-04-16 15:49:00,87.25,88.70466666666668,3.1322761208064076,2.0
2014-04-16 15:54:00,87.132,88.28166666666665,2.9538184634733082,-0.117999999999995
2014-04-16 15:59:00,94.1,88.34216666666667,3.072646174741865,6.967999999999989
2014-04-16 16:04:00,89.208,88.39066666666668,3.0821123020468524,-4.891999999999996
2014-04-16 16:09:00,93.584,88.61650000000002,3.366753723747547,4.376000000000005
2014-04-16 16:14:00,92.292,88.70333333333333,3.4531781759932203,-1.2920000000000016
2014-04-16 16:19:00,89.196,88.43849999999999,3.2626832376274635,-3.0960000000000036
2014-04-16 16:24:00,90.25,88.79616666666668,3.200705428874797,1.054000000000002
2014-04-16 16:29:00,90.952,89.14633333333335,3.1863214279837857,0.7019999999999982
2014-04-16 16:34:00,91.4,89.63099999999999,3.0338852977666178,0.4480000000000075
2014-04-16 16:39:00,93.182,90.31633333333333,2.8023618393762746,1.7819999999999965
2014-04-16 16:44:00,89.512,90.6715,2.3325960761670648,-3.6700000000000017
2014-04-16 16:49:00,88.648,90.788,2.17581900985374,-0.8640000000000043
2014-04-16 16:54:00,88.87799999999999,90.9335,1.9564297956888494,0.22999999999998977
2014-04-16 16:59:00,87.006,90.34233333333333,1.9842239304234583,-1.8719999999999857
2014-04-16 17:04:00,93.532,90.70266666666667,2.1455613943614487,6.525999999999996
2014-04-16 17:09:00,93.072,90.66000000000001,2.0873555257582814,-0.45999999999999375
2014-04-16 17:14:00,80.63,89.68816666666667,3.4971617019665273,-12.442000000000007
2014-04-16 17:19:00,91.722,89.89866666666667,3.5405965941390036,11.091999999999999
2014-04-16 17:24:00,92.194,90.06066666666668,3.6020733759968153,0.4720000000000084
2014-04-16 17:29:00,90.94,90.05966666666667,3.6018050861744815,-1.2540000000000049
2014-04-16 17:34:00,89.666,89.91516666666666,3.5778474441118653,-1.274000000000001
2014-04-16 17:39:00,94.292,90.00766666666665,3.6827942783943524,4.626000000000005
2014-04-16 17:44:00,92.626,90.26716666666665,3.7537207198230322,-1.6659999999999968
2014-04-16 17:49:00,93.376,90.66116666666666,3.815934577134968,0.75
2014-04-16 17:54:00,91.872,90.91066666666667,3.7865114031341762,-1.5040000000000049
2014-04-16 17:59:00,90.482,91.20033333333333,3.588425923168147,-1.3900000000000006
2014-04-16 18:04:00,92.91,91.1485,3.5560301793387796,2.4279999999999973
2014-04-16 18:09:00,92.124,91.0695,3.5197586823279137,-0.7860000000000014
2014-04-16 18:14:00,91.208,91.95100000000001,1.2787503843436878,-0.9159999999999968
2014-04-16 18:19:00,91.292,91.91516666666666,1.2917099191212,0.08400000000000318
2014-04-16 18:24:00,92.902,91.97416666666668,1.3214310310044768,1.6099999999999994
2014-04-16 18:29:00,93.042,92.14933333333333,1.311160023057902,0.14000000000000057
2014-04-16 18:34:00,90.5,92.21883333333334,1.1834441134677889,-2.5420000000000016
2014-04-16 18:39:00,91.036,91.9475,1.027952643057164,0.5360000000000014
2014-04-16 18:44:00,89.208,91.66266666666667,1.2683020384003993,-1.828000000000003
2014-04-16 18:49:00,89.376,91.32933333333334,1.3022529661641409,0.16800000000000637
2014-04-16 18:54:00,89.98200000000001,91.17183333333334,1.3442684954588824,0.6060000000000088
2014-04-16 18:59:00,90.042,91.13516666666668,1.3705392325224712,0.05999999999998806
2014-04-16 19:04:00,88.5,90.76766666666667,1.4408189169772936,-1.5420000000000016
2014-04-16 19:09:00,90.176,90.60533333333332,1.3826770695980808,1.676000000000002
2014-04-16 19:14:00,87.396,90.28766666666667,1.6447001016133165,-2.780000000000001
2014-04-16 19:19:00,84.584,89.72866666666665,2.286895049997123,-2.8119999999999976
2014-04-16 19:24:00,92.166,89.66733333333333,2.2023579650149907,7.581999999999994
2014-04-16 19:29:00,92.5,89.62216666666667,2.1312679040402784,0.3340000000000032
2014-04-16 19:34:00,89.874,89.57,2.1154304096769936,-2.6260000000000048
2014-04-16 19:39:00,89.416,89.435,2.0644471855251028,-0.4579999999999984
2014-04-16 19:44:00,91.51,89.62683333333332,2.1467493325896396,2.0940000000000083
2014-04-16 19:49:00,93.5,89.9705,2.416140442186268,1.9899999999999949
2014-04-16 19:54:00,91.876,90.12833333333333,2.4780296914120292,-1.6239999999999952
2014-04-16 19:59:00,92.676,90.34783333333333,2.5840759147783983,0.7999999999999972
2014-04-16 20:04:00,89.044,90.39316666666667,2.5533002470370856,-3.632000000000005
2014-04-16 20:09:00,94.208,90.72916666666667,2.7775693047030856,5.1640000000000015
2014-04-16 20:14:00,91.702,91.08800000000001,2.578848791789407,-2.5060000000000002
2014-04-16 20:19:00,90.556,91.58566666666667,1.6001140489670267,-1.1460000000000008
2014-04-16 20:24:00,85.61200000000002,91.03949999999999,2.334179727442722,-4.943999999999974
2014-04-16 20:29:00,89.02,90.74950000000001,2.352338584937626,3.407999999999973
2014-04-16 20:34:00,84.78,90.325,2.916637104612855,-4.239999999999995
2014-04-16 20:39:00,87.806,90.19083333333333,2.9981443301226935,3.0259999999999962
2014-04-16 20:44:00,89.874,90.0545,2.9697674380947814,2.067999999999998
2014-04-16 20:49:00,87.792,89.57883333333335,2.821138320651213,-2.0819999999999936
2014-04-16 20:54:00,90.666,89.478,2.7523540998413325,2.8739999999999952
2014-04-16 20:59:00,88.67399999999998,89.1445,2.5657628495253095,-1.9920000000000186
2014-04-16 21:04:00,87.124,88.98449999999998,2.631619774277402,-1.549999999999983
2014-04-16 21:09:00,88.958,88.54699999999998,2.0582102551852124,1.8340000000000032
2014-04-16 21:14:00,90.374,88.43633333333332,1.9029991321526656,1.4159999999999968
2014-04-16 21:19:00,90.916,88.46633333333334,1.9418927661319567,0.5420000000000016
2014-04-16 21:24:00,87.75,88.6445,1.744222071975869,-3.165999999999997
2014-04-16 21:29:00,90.792,88.79216666666666,1.8506634600673446,3.0420000000000016
2014-04-16 21:34:00,82.0,88.56049999999999,2.4692015824046427,-8.792000000000002
2014-04-16 21:39:00,92.806,88.97716666666666,2.737586655609997,10.805999999999997
2014-04-16 21:44:00,85.82799999999997,88.63999999999999,2.8633570888357585,-6.978000000000023
2014-04-16 21:49:00,90.632,88.87666666666667,2.9039749978061127,4.8040000000000305
2014-04-16 21:54:00,92.44,89.02449999999999,3.0450728159683993,1.8079999999999927
2014-04-16 21:59:00,87.626,88.93716666666666,3.0709575004713443,-4.813999999999993
2014-04-16 22:04:00,87.75,88.98933333333332,3.0425425173202125,0.12399999999999523
2014-04-16 22:09:00,95.224,89.5115,3.5345811761669124,7.474000000000004
2014-04-16 22:14:00,91.182,89.57883333333332,3.5601093403371635,-4.042000000000002
2014-04-16 22:19:00,89.52600000000002,89.46300000000001,3.5351730316408467,-1.6559999999999775
2014-04-16 22:24:00,84.686,89.20766666666667,3.7728088242378157,-4.840000000000018
2014-04-16 22:29:00,89.01799999999999,89.05983333333334,3.7396956082585797,4.331999999999979
2014-04-16 22:34:00,83.664,89.19850000000001,3.4756501680855902,-5.353999999999985
2014-04-16 22:39:00,93.134,89.22583333333334,3.507741097353811,9.469999999999999
2014-04-16 22:44:00,90.25,89.59433333333334,3.3469234538699864,-2.8840000000000003
2014-04-16 22:49:00,86.584,89.257,3.4356512152329395,-3.665999999999997
2014-04-16 22:54:00,87.792,88.86966666666666,3.3036495338380614,1.2079999999999984
2014-04-16 22:59:00,85.292,88.67516666666667,3.449033219834118,-2.5
2014-04-16 23:04:00,88.95200000000001,88.77533333333334,3.437155730419512,3.660000000000011
2014-04-16 23:09:00,89.542,88.30183333333333,2.8004298966524166,0.5899999999999892
2014-04-16 23:14:00,93.084,88.46033333333334,3.0232248685906082,3.5420000000000016
2014-04-16 23:19:00,88.958,88.413,3.009438425415565,-4.126000000000005
2014-04-16 23:24:00,92.542,89.06766666666665,2.979306915538229,3.584000000000003
2014-04-16 23:29:00,88.458,89.021,2.9845368149855696,-4.084000000000003
2014-04-16 23:34:00,87.166,89.31283333333334,2.553137742727095,-1.2920000000000016
2014-04-16 23:39:00,86.876,88.79133333333334,2.331151308741365,-0.28999999999999204
2014-04-16 23:44:00,86.166,88.45100000000001,2.396051221186545,-0.710000000000008
2014-04-16 23:49:00,88.376,88.60033333333332,2.3238683788950607,2.210000000000008
2014-04-16 23:54:00,85.25200000000002,88.38866666666668,2.512230205626996,-3.123999999999981
2014-04-16 23:59:00,88.846,88.68483333333334,2.315786527819083,3.59399999999998
2014-04-17 00:04:00,90.416,88.80683333333333,2.3690905747816604,1.5699999999999932
2014-04-17 00:09:00,95.0,89.26166666666667,2.9706267270593605,4.584000000000003
2014-04-17 00:14:00,90.75,89.06716666666667,2.7670429846303595,-4.25
2014-04-17 00:19:00,91.626,89.28949999999999,2.862997809036834,0.8760000000000048
2014-04-17 00:24:00,88.792,88.97699999999999,2.6741387058613855,-2.834000000000003
2014-04-17 00:29:00,85.75,88.75133333333333,2.8315472587954487,-3.0420000000000016
2014-04-17 00:34:00,88.96799999999998,88.9015,2.787265212289734,3.217999999999975
2014-04-17 00:39:00,86.792,88.8945,2.792914297419712,-2.1759999999999735
2014-04-17 00:44:00,85.584,88.846,2.849091466033047,-1.2079999999999984
2014-04-17 00:49:00,88.624,88.86666666666667,2.8462703293754354,3.039999999999992
2014-04-17 00:54:00,87.916,89.08866666666667,2.634739018759529,-0.7079999999999984
2014-04-17 00:59:00,89.28399999999998,89.12516666666666,2.634105466010206,1.3679999999999808
2014-04-17 01:04:00,87.52799999999998,88.8845,2.637375985883179,-1.7560000000000002
2014-04-17 01:09:00,93.796,88.78416666666668,2.395373640748356,6.268000000000029
2014-04-17 01:14:00,91.766,88.86883333333333,2.4873639143535917,-2.030000000000001
2014-04-17 01:19:00,83.63,88.20249999999999,2.7398104944427355,-8.13600000000001
2014-04-17 01:24:00,93.132,88.56416666666667,3.088909835152374,9.50200000000001
2014-04-17 01:29:00,86.456,88.623,3.0367192225109894,-6.676000000000002
2014-04-17 01:34:00,83.584,88.17433333333332,3.3614820144301434,-2.872
2014-04-17 01:39:00,92.268,88.63066666666667,3.524505828245634,8.683999999999997
2014-04-17 01:44:00,87.958,88.8285,3.402461689050841,-4.310000000000002
2014-04-17 01:49:00,86.25,88.63066666666667,3.4834855411147645,-1.7079999999999984
2014-04-17 01:54:00,88.274,88.6605,3.4783377560925075,2.024000000000001
2014-04-17 01:59:00,87.42,88.50516666666665,3.489565167841137,-0.8539999999999992
2014-04-17 02:04:00,86.542,88.423,3.5260829155419446,-0.8780000000000001
2014-04-17 02:09:00,88.126,87.95049999999999,3.0940687099387616,1.5840000000000032
2014-04-17 02:14:00,92.958,88.04983333333332,3.2432374911878368,4.831999999999994
2014-04-17 02:19:00,92.172,88.76166666666666,3.1200427541754783,-0.7860000000000014
2014-04-17 02:24:00,91.166,88.59783333333333,2.914544150645977,-1.0060000000000002
2014-04-17 02:29:00,92.416,89.0945,3.022206553918783,1.25
2014-04-17 02:34:00,87.564,89.42616666666667,2.5428660220438055,-4.852000000000004
2014-04-17 02:39:00,91.342,89.349,2.4615366228148643,3.778000000000006
2014-04-17 02:44:00,83.626,88.988,2.952730385131173,-7.715999999999994
2014-04-17 02:49:00,86.124,88.9775,2.963556110180129,2.4979999999999905
2014-04-17 02:54:00,89.742,89.09983333333334,2.9621748101799796,3.618000000000009
2014-04-17 02:59:00,87.292,89.08916666666666,2.968996335873191,-2.450000000000003
2014-04-17 03:04:00,85.79,89.0265,3.034852834533645,-1.5019999999999953
2014-04-17 03:09:00,88.786,89.0815,3.0230070670239777,2.995999999999995
2014-04-17 03:14:00,94.08,89.175,3.167693913129383,5.293999999999997
2014-04-17 03:19:00,91.492,89.11833333333334,3.114848291456918,-2.587999999999994
2014-04-17 03:24:00,84.56,88.56783333333334,3.2984009854185583,-6.932000000000002
2014-04-17 03:29:00,88.836,88.2695,3.0728937058213885,4.275999999999996
2014-04-17 03:34:00,89.124,88.3995,3.0733321123385418,0.2879999999999967
2014-04-17 03:39:00,85.686,87.92816666666668,3.0141784296992915,-3.437999999999988
2014-04-17 03:44:00,85.584,88.09133333333334,2.8059188523662857,-0.10200000000000387
2014-04-17 03:49:00,84.96,87.99433333333333,2.8986976176882915,-0.6240000000000094
2014-04-17 03:54:00,86.94,87.76083333333332,2.8576840538308255,1.980000000000004
2014-04-17 03:59:00,86.708,87.71216666666668,2.8713343693498805,-0.23199999999999932
2014-04-17 04:04:00,86.626,87.78183333333334,2.8303061778913423,-0.08199999999999363
2014-04-17 04:09:00,88.434,87.7525,2.8207608419142085,1.8079999999999927
2014-04-17 04:14:00,88.08,87.2525,2.013445915476531,-0.3539999999999992
2014-04-17 04:19:00,88.756,87.0245,1.6027519799065935,0.6760000000000019
2014-04-17 04:24:00,90.166,87.49166666666666,1.6357727855861748,1.4099999999999966
2014-04-17 04:29:00,88.0,87.42199999999998,1.5904890042785578,-2.165999999999997
2014-04-17 04:34:00,90.708,87.55400000000002,1.7969193840378703,2.7079999999999984
2014-04-17 04:39:00,88.708,87.80583333333334,1.7215047241164805,-2.0
2014-04-17 04:44:00,84.792,87.73983333333332,1.8264157563806056,-3.915999999999997
2014-04-17 04:49:00,87.374,87.94099999999999,1.6128597977743164,2.5819999999999936
2014-04-17 04:54:00,85.208,87.79666666666667,1.7794735346753272,-2.165999999999997
2014-04-17 04:59:00,88.292,87.92866666666667,1.749879441735898,3.084000000000003
2014-04-17 05:04:00,88.208,88.0605,1.701747364009419,-0.08400000000000318
2014-04-17 05:09:00,95.416,88.64233333333334,2.726251216776212,7.207999999999998
2014-04-17 05:14:00,92.5,89.01066666666667,2.934036045306141,-2.915999999999997
2014-04-17 05:19:00,91.916,89.274,3.0486690985955716,-0.5840000000000032
2014-04-17 05:24:00,88.10600000000002,89.10233333333333,3.051871894528056,-3.809999999999974
2014-04-17 05:29:00,87.698,89.07716666666666,3.063013306395471,-0.4080000000000297
2014-04-17 05:34:00,86.56200000000004,88.73166666666667,3.095988000134009,-1.135999999999953
2014-04-17 05:39:00,87.11200000000002,88.59866666666669,3.1311782659786997,0.549999999999983
2014-04-17 05:44:00,87.256,88.80400000000002,2.933399393196245,0.14399999999997704
2014-04-17 05:49:00,85.916,88.6825,3.026724136753144,-1.3400000000000034
2014-04-17 05:54:00,93.638,89.385,3.123727435438845,7.722000000000008
2014-04-17 05:59:00,89.58,89.49233333333335,3.1048281268008995,-4.058000000000007
2014-04-17 06:04:00,88.05,89.47916666666667,3.111098427283635,-1.5300000000000011
2014-04-17 06:09:00,86.068,88.70016666666668,2.6211767597902824,-1.9819999999999993
2014-04-17 06:14:00,93.224,88.7605,2.722947884521898,7.156000000000006
2014-04-17 06:19:00,93.416,88.88550000000002,2.9090438447904527,0.19199999999999307
2014-04-17 06:24:00,89.25,88.98083333333334,2.8999071406247787,-4.165999999999997
2014-04-17 06:29:00,85.39200000000002,88.78866666666666,3.064384895518655,-3.8579999999999757
2014-04-17 06:34:00,88.458,88.94666666666667,2.9870436991463998,3.065999999999974
2014-04-17 06:39:00,90.25,89.20816666666667,2.9489415615331476,1.7920000000000016
2014-04-17 06:44:00,86.63600000000002,89.1565,2.9913796300224567,-3.613999999999976
2014-04-17 06:49:00,87.16799999999998,89.26083333333334,2.888134655427794,0.5319999999999538
2014-04-17 06:54:00,82.292,88.31533333333334,3.1684803737425695,-4.875999999999976
2014-04-17 06:59:00,88.824,88.25233333333334,3.148501500233668,6.5319999999999965
2014-04-17 07:04:00,89.162,88.34500000000001,3.1583538289898576,0.33800000000000807
2014-04-17 07:09:00,91.45,88.7935,3.187613199416611,2.2879999999999967
2014-04-17 07:14:00,88.514,88.40100000000001,2.866257807348428,-2.936000000000007
2014-04-17 07:19:00,85.104,87.70833333333333,2.5286056284534113,-3.4099999999999966
2014-04-17 07:24:00,89.17200000000004,87.70183333333334,2.5243790895748295,4.0680000000000405
2014-04-17 07:29:00,92.484,88.29283333333335,2.754167151240771,3.311999999999955
2014-04-17 07:34:00,88.25,88.27550000000001,2.753687659716826,-4.233999999999995
2014-04-17 07:39:00,85.876,87.911,2.758052343099501,-2.3739999999999952
2014-04-17 07:44:00,88.24600000000002,88.04516666666667,2.7294017270974864,2.3700000000000188
2014-04-17 07:49:00,87.244,88.05150000000002,2.727268646967369,-1.0020000000000238
2014-04-17 07:54:00,88.738,88.58866666666667,2.0372620366719327,1.4939999999999998
2014-04-17 07:59:00,90.466,88.72550000000001,2.1084057096222564,1.7279999999999944
2014-04-17 08:04:00,91.37,88.9095,2.2420708163344627,0.9040000000000106
2014-04-17 08:09:00,93.042,89.04216666666667,2.4440634507965053,1.671999999999997
2014-04-17 08:14:00,92.724,89.39300000000001,2.6544616985549365,-0.31799999999999784
2014-04-17 08:19:00,88.834,89.70383333333335,2.3014893925992226,-3.8900000000000006
2014-04-17 08:24:00,87.198,89.53933333333333,2.4109036153335803,-1.63600000000001
2014-04-17 08:29:00,86.5,89.04066666666667,2.3648848264616227,-0.6979999999999933
2014-04-17 08:34:00,86.75,88.91566666666667,2.4486356621728667,0.25
2014-04-17 08:39:00,84.208,88.77666666666669,2.673858000355428,-2.5420000000000016
2014-04-17 08:44:00,85.0,88.50616666666667,2.8880355649206426,0.7920000000000016
2014-04-17 08:49:00,87.838,88.55566666666668,2.8694665748613466,2.837999999999994
2014-04-17 08:54:00,90.834,88.73033333333332,2.944388787734638,2.9960000000000093
2014-04-17 08:59:00,86.374,88.38933333333334,2.962002925950174,-4.460000000000008
2014-04-17 09:04:00,87.126,88.03566666666666,2.823903659615865,0.7520000000000095
2014-04-17 09:09:00,88.208,87.63283333333334,2.3498119782947016,1.0819999999999936
2014-04-17 09:14:00,88.39,87.27166666666666,1.7535887013029003,0.18200000000000216
2014-04-17 09:19:00,90.444,87.40583333333332,1.9360834802322247,2.054000000000002
2014-04-17 09:24:00,88.80799999999998,87.54,1.9757502602588684,-1.636000000000024
2014-04-17 09:29:00,89.5,87.79,2.0214639159876917,0.6920000000000215
2014-04-17 09:34:00,90.126,88.07133333333333,2.097075770658456,0.6260000000000048
2014-04-17 09:39:00,91.25,88.65816666666666,1.8930757000354355,1.1239999999999952
2014-04-17 09:44:00,87.708,88.88383333333333,1.5471563259650842,-3.5420000000000016
2014-04-17 09:49:00,89.584,89.02933333333334,1.5217526577993057,1.8760000000000048
2014-04-17 09:54:00,86.324,88.6535,1.590884288119618,-3.260000000000005
2014-04-17 09:59:00,88.626,88.84116666666667,1.4213326546433753,2.3020000000000067
2014-04-17 10:04:00,86.28,88.77066666666667,1.5308995177141431,-2.3460000000000036
2014-04-17 10:09:00,90.542,88.96516666666666,1.5996377904419936,4.2620000000000005
2014-04-17 10:14:00,87.874,88.92216666666667,1.6232652745374774,-2.6680000000000064
2014-04-17 10:19:00,85.874,88.54133333333334,1.763772472099896,-2.0
2014-04-17 10:24:00,91.818,88.79216666666667,2.002958077596766,5.944000000000003
2014-04-17 10:29:00,91.542,88.96233333333333,2.149911767041778,-0.27599999999999625
2014-04-17 10:34:00,92.472,89.15783333333333,2.361592753490204,0.9299999999999926
2014-04-17 10:39:00,86.72399999999998,88.78066666666666,2.358498186764997,-5.748000000000019
2014-04-17 10:44:00,90.044,88.97533333333332,2.3583180961075505,3.3200000000000216
2014-04-17 10:49:00,91.666,89.14883333333334,2.480584455814466,1.6219999999999999
2014-04-17 10:54:00,85.25,89.05933333333333,2.6078794357713804,-6.415999999999997
2014-04-17 10:59:00,87.02799999999998,88.92616666666667,2.672028913607713,1.7779999999999774
2014-04-17 11:04:00,89.708,89.21183333333333,2.543564493646162,2.680000000000021
2014-04-17 11:09:00,89.666,89.13883333333332,2.5143207950876474,-0.04200000000000159
2014-04-17 11:14:00,89.708,89.29166666666667,2.486029157049672,0.04200000000000159
2014-04-17 11:19:00,89.734,89.61333333333333,2.2412928628302606,0.02599999999999625
2014-04-17 11:24:00,89.75,89.44099999999999,2.133266125836275,0.016000000000005343
2014-04-17 11:29:00,87.712,89.12183333333333,2.0760955413886433,-2.0379999999999967
2014-04-17 11:34:00,88.25,88.77,1.795523119520144,0.5379999999999967
2014-04-17 11:39:00,91.166,89.14016666666667,1.7932539156696998,2.915999999999997
2014-04-17 11:44:00,88.084,88.97683333333333,1.7927073397698505,-3.0819999999999936
2014-04-17 11:49:00,89.834,88.82416666666667,1.6117530734268959,1.75
2014-04-17 11:54:00,85.542,88.8485,1.5540584112119549,-4.292000000000002
2014-04-17 11:59:00,88.208,88.94683333333334,1.4630621582120007,2.665999999999997
2014-04-17 12:04:00,91.25,89.07533333333333,1.5975297597658142,3.0420000000000016
2014-04-17 12:09:00,90.416,89.13783333333333,1.6369244905868072,-0.8340000000000032
2014-04-17 12:14:00,89.834,89.14833333333333,1.641312519870265,-0.5819999999999936
2014-04-17 12:19:00,89.586,89.13600000000001,1.6370621135560053,-0.24800000000000466
2014-04-17 12:24:00,88.958,89.07,1.625985351606973,-0.6280000000000001
2014-04-17 12:29:00,90.626,89.31283333333333,1.622329068365819,1.6680000000000064
2014-04-17 12:34:00,90.634,89.5115,1.6263096261180119,0.007999999999995566
2014-04-17 12:39:00,88.79,89.31350000000002,1.5493827803367703,-1.843999999999994
2014-04-17 12:44:00,88.042,89.31,1.5524570554752906,-0.7480000000000047
2014-04-17 12:49:00,86.666,89.046,1.7159985166354286,-1.3760000000000048
2014-04-17 12:54:00,83.792,88.90016666666668,2.077202044418743,-2.8739999999999952
2014-04-17 12:59:00,86.542,88.76133333333333,2.180763224751442,2.75
2014-04-17 13:04:00,89.82799999999996,88.64283333333333,2.069009856883925,3.2859999999999587
2014-04-17 13:09:00,87.62200000000001,88.41000000000001,2.0076278177365166,-2.2059999999999462
2014-04-17 13:14:00,89.166,88.35433333333333,1.9735256560672183,1.5439999999999827
2014-04-17 13:19:00,90.0,88.38883333333332,2.0004493055927344,0.8340000000000032
2014-04-17 13:24:00,88.374,88.34016666666666,1.9924315812756617,-1.6260000000000048
2014-04-17 13:29:00,92.334,88.4825,2.218725780918661,3.960000000000008
2014-04-17 13:34:00,93.208,88.697,2.5459318708310175,0.8739999999999952
2014-04-17 13:39:00,88.0,88.63116666666667,2.553511159644358,-5.207999999999998
2014-04-17 13:44:00,87.012,88.54533333333332,2.5921347233981598,-0.9879999999999995
2014-04-17 13:49:00,89.0,88.73983333333332,2.5249959795955585,1.9879999999999995
2014-04-17 13:54:00,86.626,88.976,2.120239952116152,-2.3739999999999952
2014-04-17 13:59:00,87.584,89.06283333333333,2.0309518517794745,0.9579999999999984
2014-04-17 14:04:00,84.292,88.6015,2.430747154122937,-3.2920000000000016
2014-04-17 14:09:00,90.916,88.87599999999999,2.4952160773631045,6.623999999999995
2014-04-17 14:14:00,89.458,88.90033333333332,2.4997209783695893,-1.4579999999999984
2014-04-17 14:19:00,91.5,89.02533333333332,2.5953832203761573,2.0420000000000016
2014-04-17 14:24:00,91.892,89.31850000000001,2.7112281182325804,0.3919999999999959
2014-04-17 14:29:00,89.598,89.0905,2.544502255309824,-2.293999999999997
2014-04-17 14:34:00,91.792,88.97250000000001,2.3625220922496535,2.1940000000000026
2014-04-17 14:39:00,86.084,88.81283333333333,2.4952385870021803,-5.707999999999998
2014-04-17 14:44:00,83.33200000000002,88.50616666666667,2.92569139717762,-2.751999999999981
2014-04-17 14:49:00,87.458,88.37766666666666,2.9358753792401027,4.125999999999976
2014-04-17 14:54:00,85.75,88.30466666666666,2.99371090282628,-1.7079999999999984
2014-04-17 14:59:00,89.708,88.48166666666667,3.0099741869432357,3.9579999999999984
2014-04-17 15:04:00,87.416,88.742,2.7374249346294928,-2.2920000000000016
2014-04-17 15:09:00,95.346,89.11116666666668,3.2984787081142164,7.930000000000007
2014-04-17 15:14:00,92.426,89.35849999999999,3.435289070806715,-2.9200000000000017
2014-04-17 15:19:00,88.416,89.1015,3.3753520624460185,-4.010000000000005
2014-04-17 15:24:00,87.334,88.72166666666668,3.288117763135384,-1.0819999999999936
2014-04-17 15:29:00,87.01799999999999,88.50666666666666,3.309884956346131,-0.3160000000000167
2014-04-17 15:34:00,90.672,88.41333333333334,3.2234854465696627,3.6540000000000106
2014-04-17 15:39:00,88.33,88.6005,3.1400668348423313,-2.3419999999999987
2014-04-17 15:44:00,86.75,88.88533333333334,2.749444814482161,-1.5799999999999983
2014-04-17 15:49:00,86.124,88.77416666666666,2.837945794643969,-0.6260000000000048
2014-04-17 15:54:00,92.916,89.37133333333333,2.897070662625699,6.792000000000002
2014-04-17 15:59:00,93.182,89.66083333333331,3.100224561759588,0.26600000000000534
2014-04-17 16:04:00,95.0,90.29283333333335,3.3628944738763913,1.8179999999999978
2014-04-17 16:09:00,95.584,90.31266666666666,3.395945211394319,0.5840000000000032
2014-04-17 16:14:00,93.834,90.42999999999999,3.498379988717446,-1.75
2014-04-17 16:19:00,93.374,90.84316666666666,3.5315171561591727,-0.46000000000000796
2014-04-17 16:24:00,93.042,91.31883333333333,3.3977701199290924,-0.33199999999999363
2014-04-17 16:29:00,91.792,91.71666666666665,3.1162436984104698,-1.25
2014-04-17 16:34:00,87.626,91.46283333333334,3.3260647190269284,-4.165999999999997
2014-04-17 16:39:00,91.75,91.74783333333333,3.1763743148254675,4.123999999999995
2014-04-17 16:44:00,85.69,91.6595,3.3385934027813384,-6.060000000000002
2014-04-17 16:49:00,89.26,91.92083333333333,2.9680811626171812,3.5700000000000074
2014-04-17 16:54:00,86.164,91.35816666666666,3.3744523012390464,-3.0960000000000036
2014-04-17 16:59:00,89.334,91.03750000000001,3.368209249060798,3.1700000000000017
2014-04-17 17:04:00,91.84,90.77416666666666,3.1464790663781117,2.5060000000000002
2014-04-17 17:09:00,94.0,90.64216666666665,2.9536733934468224,2.1599999999999966
2014-04-17 17:14:00,91.25,90.42683333333333,2.7894491418836918,-2.75
2014-04-17 17:19:00,93.0,90.39566666666667,2.7554084116797766,1.75
2014-04-17 17:24:00,92.25,90.32966666666668,2.69508358222072,-0.75
2014-04-17 17:29:00,92.914,90.42316666666666,2.7688803721279958,0.6640000000000015
2014-04-17 17:34:00,92.5,90.82933333333334,2.6772292778289937,-0.4140000000000015
2014-04-17 17:39:00,92.958,90.93,2.7370374162926536,0.4579999999999984
2014-04-17 17:44:00,92.958,91.53566666666667,2.2291113326474887,0.0
2014-04-17 17:49:00,88.43799999999996,91.46716666666667,2.316323177065372,-4.520000000000039
2014-04-17 17:54:00,88.22399999999998,91.63883333333332,1.9320221075977855,-0.21399999999998442
2014-04-17 17:59:00,92.166,91.87483333333331,1.7928418189798427,3.9420000000000215
2014-04-17 18:04:00,93.958,92.05133333333333,1.890686327205797,1.7920000000000016
2014-04-17 18:09:00,92.916,91.961,1.8134364164116143,-1.0420000000000016
2014-04-17 18:14:00,93.74,92.1685,1.86637015231671,0.8239999999999981
2014-04-17 18:19:00,92.042,92.08866666666667,1.8479679913282732,-1.6979999999999933
2014-04-17 18:24:00,92.208,92.08516666666667,1.8476744023160176,0.16599999999999682
2014-04-17 18:29:00,94.738,92.23716666666665,1.9914868740971214,2.530000000000001
2014-04-17 18:34:00,94.6,92.41216666666666,2.1056767356732773,-0.13800000000000523
2014-04-17 18:39:00,91.708,92.30799999999999,2.1071378261010767,-2.891999999999996
2014-04-17 18:44:00,92.224,92.24683333333333,2.097183992160404,0.5160000000000053
2014-04-17 18:49:00,92.542,92.58883333333334,1.7203681336143268,0.31799999999999784
2014-04-17 18:54:00,93.326,93.01400000000001,1.0391769470484025,0.7839999999999918
2014-04-17 18:59:00,92.776,93.06483333333334,1.0083878973486653,-0.5499999999999972
2014-04-17 19:04:00,88.484,92.60866666666668,1.6201722317735736,-4.292000000000002
2014-04-17 19:09:00,93.408,92.64966666666668,1.6348157156837362,4.924000000000007
2014-04-17 19:14:00,95.128,92.76533333333333,1.7630451617665244,1.7199999999999989
2014-04-17 19:19:00,92.46,92.80016666666667,1.7515465287648948,-2.6680000000000064
2014-04-17 19:24:00,90.958,92.69600000000001,1.8255702969469612,-1.5019999999999953
2014-04-17 19:29:00,89.824,92.28649999999999,1.8763143999012595,-1.1340000000000003
2014-04-17 19:34:00,89.92200000000004,91.89666666666666,1.8375143949148338,0.09800000000004161
2014-04-17 19:39:00,89.00399999999998,91.67133333333334,2.0195335795158154,-0.9180000000000632
2014-04-17 19:44:00,89.25,91.4235,2.1252600482602944,0.24600000000002353
2014-04-17 19:49:00,88.626,91.09716666666667,2.2356832526242782,-0.6239999999999952
2014-04-17 19:54:00,94.518,91.1965,2.3663756906068363,5.891999999999996
2014-04-17 19:59:00,93.898,91.29,2.454966172698716,-0.6200000000000045
2014-04-17 20:04:00,91.764,91.56333333333333,2.291286948156418,-2.1340000000000003
2014-04-17 20:09:00,93.168,91.54333333333334,2.2747090656471673,1.4040000000000106
2014-04-17 20:14:00,89.11399999999998,91.04216666666667,2.066070571414412,-4.0540000000000305
2014-04-17 20:19:00,93.076,91.0935,2.1116501302846893,3.9620000000000175
2014-04-17 20:24:00,91.014,91.09816666666667,2.111385320044885,-2.0619999999999976
2014-04-17 20:29:00,91.078,91.20266666666667,2.0732778322504313,0.06400000000000716
2014-04-17 20:34:00,94.792,91.60849999999999,2.2673590765077987,3.7139999999999986
2014-04-17 20:39:00,93.332,91.96916666666668,2.1569371311846157,-1.460000000000008
2014-04-17 20:44:00,93.88,92.355,2.0370915987805622,0.5480000000000018
2014-04-17 20:49:00,94.124,92.81316666666665,1.7149631235556406,0.24399999999999977
2014-04-17 20:54:00,94.542,92.81516666666666,1.717144661315113,0.41800000000000637
2014-04-17 20:59:00,92.126,92.6675,1.6915619731760057,-2.415999999999997
2014-04-17 21:04:00,92.166,92.70100000000001,1.6759508562996315,0.03999999999999204
2014-04-17 21:09:00,94.458,92.8085,1.7484332987003541,2.2920000000000016
2014-04-17 21:14:00,92.25,93.06983333333334,1.3304223412378524,-2.2079999999999984
2014-04-17 21:19:00,92.834,93.04966666666667,1.332153371825034,0.5840000000000032
2014-04-17 21:24:00,91.428,93.08416666666666,1.27893917926015,-1.406000000000006
2014-04-17 21:29:00,93.292,93.26866666666666,1.1120229995460378,1.8640000000000043
2014-04-17 21:34:00,91.792,93.01866666666666,1.075028399908699,-1.5
2014-04-17 21:39:00,92.666,92.96316666666667,1.0745730512293874,0.8739999999999952
2014-04-17 21:44:00,95.042,93.06,1.2086891471961079,2.3760000000000048
2014-04-17 21:49:00,92.25,92.90383333333334,1.1794286624044548,-2.7920000000000016
2014-04-17 21:54:00,90.916,92.60166666666667,1.1860479319883637,-1.3340000000000032
2014-04-17 21:59:00,93.88,92.74783333333333,1.2293866788219192,2.9639999999999986
2014-04-17 22:04:00,92.124,92.74433333333333,1.2312520850637694,-1.7560000000000002
2014-04-17 22:09:00,95.042,92.793,1.3139114402163703,2.9180000000000064
2014-04-17 22:14:00,92.542,92.81733333333334,1.305618720158541,-2.5
2014-04-17 22:19:00,91.042,92.668,1.4024319137596142,-1.5
2014-04-17 22:24:00,92.75,92.77816666666666,1.3469984027362023,1.7079999999999984
2014-04-17 22:29:00,90.416,92.5385,1.4949909394692305,-2.334000000000003
2014-04-17 22:34:00,94.084,92.72949999999999,1.5367768217942979,3.6680000000000064
2014-04-17 22:39:00,92.166,92.68783333333333,1.5454090269602556,-1.9180000000000064
2014-04-17 22:44:00,91.208,92.36833333333334,1.4043446438791503,-0.9579999999999984
2014-04-17 22:49:00,91.916,92.3405,1.4102007916362307,0.7079999999999984
2014-04-17 22:54:00,90.916,92.3405,1.4102007916362307,-1.0
2014-04-17 22:59:00,93.43,92.303,1.3709785490015378,2.51400000000001
2014-04-17 23:04:00,92.874,92.3655,1.3791475957682235,-0.5560000000000116
2014-04-17 23:09:00,96.262,92.46716666666667,1.6185727626161794,3.3880000000000052
2014-04-17 23:14:00,93.378,92.53683333333333,1.6399371292470246,-2.8840000000000003
2014-04-17 23:19:00,92.45,92.65416666666668,1.572234647844582,-0.9279999999999973
2014-04-17 23:24:00,93.19,92.69083333333333,1.5797853613332977,0.7399999999999949
2014-04-17 23:29:00,93.982,92.988,1.442393465423047,0.7920000000000016
2014-04-17 23:34:00,93.26,92.91933333333333,1.4045922949937144,-0.7219999999999942
2014-04-17 23:39:00,90.75,92.80133333333333,1.5277161405394644,-2.510000000000005
2014-04-17 23:44:00,92.064,92.87266666666666,1.4652635712859057,1.313999999999993
2014-04-17 23:49:00,94.866,93.1185,1.5359311360050167,2.8020000000000067
2014-04-17 23:54:00,93.162,93.30566666666668,1.3711454623022663,-1.7039999999999935
2014-04-17 23:59:00,93.34,93.29816666666666,1.3706496026839061,0.17799999999999727
2014-04-18 00:04:00,92.642,93.27883333333334,1.3787885218129003,-0.6980000000000075
2014-04-18 00:09:00,94.834,93.15983333333334,1.1386181284471315,2.1920000000000073
2014-04-18 00:14:00,91.666,93.01716666666668,1.2135844603604797,-3.1680000000000064
2014-04-18 00:19:00,91.584,92.94500000000001,1.2745926978681206,-0.08199999999999363
2014-04-18 00:24:00,92.666,92.90133333333334,1.2744120450663692,1.0819999999999936
2014-04-18 00:29:00,93.618,92.871,1.250458679483289,0.9519999999999982
2014-04-18 00:34:00,94.568,92.98,1.3411674697152371,0.9500000000000028
2014-04-18 00:39:00,93.334,93.19533333333334,1.143440846612179,-1.2339999999999947
2014-04-18 00:44:00,94.166,93.37049999999999,1.1150256825434528,0.8319999999999936
2014-04-18 00:49:00,92.584,93.18033333333334,1.0279815468238058,-1.5819999999999936
2014-04-18 00:54:00,94.95,93.32933333333334,1.147692493924343,2.3659999999999997
2014-04-18 00:59:00,91.644,93.188,1.2464390004418124,-3.3059999999999974
2014-04-18 01:04:00,87.874,92.79066666666665,1.9802595483400804,-3.7700000000000102
2014-04-18 01:09:00,92.494,92.59566666666666,1.873067650739447,4.6200000000000045
2014-04-18 01:14:00,90.968,92.53750000000001,1.9149323510492668,-1.5259999999999962
2014-04-18 01:19:00,92.374,92.60333333333334,1.892621718595963,1.4059999999999917
2014-04-18 01:24:00,93.042,92.63466666666666,1.896861203210871,0.6680000000000064
2014-04-18 01:29:00,92.542,92.545,1.8714133696231212,-0.5
2014-04-18 01:34:00,93.624,92.46633333333334,1.7970055563912792,1.0819999999999936
2014-04-18 01:39:00,92.458,92.39333333333333,1.7762267122576127,-1.1659999999999968
2014-04-18 01:44:00,94.21,92.397,1.7802595316425502,1.7519999999999953
2014-04-18 01:49:00,89.834,92.16783333333332,1.9251057979595467,-4.375999999999991
2014-04-18 01:54:00,89.656,91.72666666666667,1.8340138461535334,-0.17799999999999727
2014-04-18 01:59:00,94.116,91.93266666666666,1.9584902039050343,4.459999999999994
2014-04-18 02:04:00,90.084,92.11683333333333,1.616120710689416,-4.0319999999999965
2014-04-18 02:09:00,94.772,92.30666666666667,1.7889947067026735,4.688000000000002
2014-04-18 02:14:00,91.376,92.34066666666666,1.7649559012444078,-3.396000000000001
2014-04-18 02:19:00,93.126,92.40333333333332,1.7795370865560436,1.75
2014-04-18 02:24:00,92.908,92.39216666666665,1.775581125529741,-0.21800000000000352
2014-04-18 02:29:00,91.684,92.32066666666667,1.7862422381461762,-1.2240000000000038
2014-04-18 02:34:00,90.708,92.07766666666667,1.791157641575363,-0.9759999999999991
2014-04-18 02:39:00,92.94,92.11783333333334,1.805806484817845,2.2319999999999993
2014-04-18 02:44:00,88.042,91.60383333333334,2.021143053429999,-4.897999999999996
2014-04-18 02:49:00,89.666,91.58983333333333,2.0350507625277325,1.6239999999999952
2014-04-18 02:54:00,89.208,91.55250000000001,2.077420625330738,-0.4579999999999984
2014-04-18 02:59:00,94.034,91.54566666666666,2.068336851999073,4.826000000000008
2014-04-18 03:04:00,90.432,91.57466666666666,2.048322654508757,-3.602000000000004
2014-04-18 03:09:00,94.0,91.51033333333334,1.948461366559213,3.567999999999998
2014-04-18 03:14:00,92.612,91.61333333333334,1.9732261232148327,-1.3880000000000052
2014-04-18 03:19:00,94.19,91.702,2.068959861644256,1.578000000000003
2014-04-18 03:24:00,92.766,91.69016666666666,2.061828924803322,-1.4239999999999924
2014-04-18 03:29:00,95.134,91.97766666666666,2.288917939406623,2.367999999999995
2014-04-18 03:34:00,89.98,91.91699999999999,2.3348165588843344,-5.153999999999996
2014-04-18 03:39:00,88.916,91.58166666666666,2.4601393653559143,-1.0640000000000072
2014-04-18 03:44:00,88.792,91.64416666666666,2.3699111541979767,-0.12399999999999523
2014-04-18 03:49:00,89.448,91.62599999999999,2.3872257005693145,0.6559999999999917
2014-04-18 03:54:00,90.042,91.6955,2.321670264741729,0.5940000000000083
2014-04-18 03:59:00,90.334,91.38716666666666,2.2266147902694176,0.2920000000000016
2014-04-18 04:04:00,87.662,91.15633333333334,2.4654164808905037,-2.671999999999997
2014-04-18 04:09:00,91.422,90.9415,2.3020023102437848,3.759999999999991
2014-04-18 04:14:00,91.848,90.87783333333334,2.2618152739199147,0.42600000000000193
2014-04-18 04:19:00,94.458,90.90016666666666,2.2985183303936476,2.6099999999999994
2014-04-18 04:24:00,91.876,90.82600000000001,2.2466128039591453,-2.5819999999999936
2014-04-18 04:29:00,93.698,90.70633333333335,2.0234452767205893,1.8219999999999885
2014-04-18 04:34:00,93.07,90.96383333333334,2.1170589304871985,-0.6280000000000001
2014-04-18 04:39:00,91.574,91.18533333333335,2.0201543295391096,-1.4959999999999951
2014-04-18 04:44:00,90.738,91.34750000000001,1.8840899660058965,-0.8359999999999985
2014-04-18 04:49:00,90.544,91.43883333333333,1.8086950511025595,-0.19400000000000261
2014-04-18 04:54:00,90.428,91.471,1.7848702524794127,-0.11599999999999966
2014-04-18 04:59:00,92.626,91.66199999999999,1.7747436178487919,2.1980000000000075
2014-04-18 05:04:00,88.0,91.69016666666666,1.7068734752787549,-4.626000000000005
2014-04-18 05:09:00,93.292,91.846,1.7645534073177964,5.292000000000002
2014-04-18 05:14:00,92.916,91.935,1.79139305874317,-0.3760000000000048
2014-04-18 05:19:00,92.374,91.76133333333333,1.617103208791233,-0.5420000000000016
2014-04-18 05:24:00,92.958,91.8515,1.6538262247957918,0.5840000000000032
2014-04-18 05:29:00,90.542,91.5885,1.582913108510703,-2.415999999999997
2014-04-18 05:34:00,93.5,91.62433333333333,1.6238376169016155,2.9579999999999984
2014-04-18 05:39:00,91.916,91.65283333333333,1.6258738536193087,-1.5840000000000032
2014-04-18 05:44:00,90.608,91.642,1.6329413506153758,-1.3079999999999927
2014-04-18 05:49:00,92.208,91.78066666666666,1.6015754364974497,1.5999999999999943
2014-04-18 05:54:00,90.208,91.76233333333333,1.61962461045515,-2.0
2014-04-18 05:59:00,91.856,91.69816666666667,1.5973975331119028,1.6479999999999961
2014-04-18 06:04:00,90.334,91.89266666666667,1.1984466714236992,-1.5219999999999914
2014-04-18 06:09:00,94.716,92.01133333333333,1.4026959324073045,4.381999999999991
2014-04-18 06:14:00,91.376,91.883,1.382708409412,-3.339999999999989
2014-04-18 06:19:00,90.458,91.72333333333334,1.4306492698552817,-0.9180000000000064
2014-04-18 06:24:00,93.352,91.75616666666667,1.4656536756593683,2.8940000000000055
2014-04-18 06:29:00,88.428,91.58,1.7283629669310385,-4.924000000000007
2014-04-18 06:34:00,92.084,91.46199999999999,1.6309548792612047,3.656000000000006
2014-04-18 06:39:00,92.75,91.53150000000001,1.6693770476668357,0.6659999999999968
2014-04-18 06:44:00,91.708,91.62316666666668,1.6440660146752553,-1.0420000000000016
2014-04-18 06:49:00,92.124,91.61616666666667,1.6415264422512896,0.4159999999999968
2014-04-18 06:54:00,93.084,91.85583333333334,1.6271285267084343,0.960000000000008
2014-04-18 06:59:00,95.542,92.16300000000001,1.9441901328654545,2.4579999999999984
2014-04-18 07:04:00,86.208,91.81916666666666,2.5633209224596265,-9.334000000000003
2014-04-18 07:09:00,95.416,91.8775,2.6419945805471445,9.207999999999998
2014-04-18 07:14:00,91.916,91.9225,2.637270782802233,-3.5
2014-04-18 07:19:00,87.084,91.64133333333332,2.96685990518154,-4.831999999999994
2014-04-18 07:24:00,84.488,90.90266666666666,3.5486372629851246,-2.5960000000000036
2014-04-18 07:29:00,89.416,90.98500000000001,3.497089023225998,4.927999999999997
2014-04-18 07:34:00,85.208,90.41199999999999,3.8465087830636677,-4.207999999999998
2014-04-18 07:39:00,90.0,90.18283333333333,3.775822844297554,4.792000000000002
2014-04-18 07:44:00,83.29,89.48133333333334,4.222289455073914,-6.709999999999994
2014-04-18 07:49:00,89.366,89.25150000000001,4.139617296760715,6.075999999999993
2014-04-18 07:54:00,88.454,88.86566666666666,3.9618898918515706,-0.9120000000000061
2014-04-18 07:59:00,89.682,88.37733333333334,3.383027512675486,1.2280000000000086
2014-04-18 08:04:00,89.258,88.6315,3.3192001363971233,-0.4240000000000066
2014-04-18 08:09:00,94.708,88.57249999999999,3.1914747944548303,5.450000000000003
2014-04-18 08:14:00,92.458,88.61766666666666,3.246456287130101,-2.25
2014-04-18 08:19:00,86.988,88.60966666666667,3.2506946763410456,-5.469999999999999
2014-04-18 08:24:00,87.64200000000002,88.8725,3.005395768825939,0.6540000000000248
2014-04-18 08:29:00,89.75,88.90033333333334,3.0124251581304824,2.1079999999999757
2014-04-18 08:34:00,88.426,89.1685,2.788783785094163,-1.323999999999998
2014-04-18 08:39:00,85.208,88.76916666666666,2.9944042914426565,-3.2180000000000035
2014-04-18 08:44:00,88.916,89.238,2.44937216445442,3.7079999999999984
2014-04-18 08:49:00,83.75,88.77,2.914963526982888,-5.165999999999997
2014-04-18 08:54:00,89.986,88.89766666666667,2.9333559847617336,6.236000000000004
2014-04-18 08:59:00,89.78,88.90583333333335,2.9358734748980937,-0.20600000000000307
2014-04-18 09:04:00,90.572,89.01533333333333,2.974453206690604,0.7920000000000016
2014-04-18 09:09:00,95.636,89.09266666666667,3.1431903113456987,5.063999999999993
2014-04-18 09:14:00,91.974,89.05233333333335,3.0988735587851073,-3.661999999999992
2014-04-18 09:19:00,87.876,89.12633333333333,3.0553941371511253,-4.097999999999999
2014-04-18 09:24:00,84.584,88.87150000000001,3.3075675352143827,-3.2920000000000016
2014-04-18 09:29:00,89.0,88.80900000000001,3.2965258296362085,4.415999999999997
2014-04-18 09:34:00,86.626,88.65899999999999,3.355954111725032,-2.3739999999999952
2014-04-18 09:39:00,85.334,88.66950000000001,3.3443522134005077,-1.2920000000000016
2014-04-18 09:44:00,88.666,88.64866666666667,3.343455624822268,3.3319999999999936
2014-04-18 09:49:00,89.772,89.15050000000001,2.972732948285521,1.1060000000000088
2014-04-18 09:54:00,87.516,88.94466666666666,2.9950515956507666,-2.2560000000000002
2014-04-18 09:59:00,90.374,88.99416666666667,3.014954901919795,2.85799999999999
2014-04-18 10:04:00,87.458,88.73466666666667,3.0007824838124577,-2.915999999999997
2014-04-18 10:09:00,93.876,88.58800000000001,2.6560124588981764,6.418000000000006
2014-04-18 10:14:00,92.208,88.6075,2.683845019913266,-1.6680000000000064
2014-04-18 10:19:00,86.52600000000002,88.495,2.744895096522495,-5.681999999999974
2014-04-18 10:24:00,92.604,89.16333333333334,2.681703438737673,6.0779999999999745
2014-04-18 10:29:00,92.0,89.41333333333334,2.8022209806235034,-0.6039999999999992
2014-04-18 10:34:00,89.584,89.65983333333334,2.6612987203228426,-2.415999999999997
2014-04-18 10:39:00,88.53,89.92616666666667,2.3280914474914645,-1.054000000000002
2014-04-18 10:44:00,89.23,89.97316666666667,2.3059257195856366,0.7000000000000028
2014-04-18 10:49:00,87.042,89.74566666666668,2.4572790322688958,-2.1880000000000024
2014-04-18 10:54:00,87.454,89.7405,2.462453045238451,0.41199999999999193
2014-04-18 10:59:00,87.126,89.46983333333333,2.5629455296363437,-0.32799999999998875
2014-04-18 11:04:00,87.646,89.4855,2.5500719597697885,0.519999999999996
2014-04-18 11:09:00,88.666,89.05133333333333,2.1461301042216814,1.019999999999996
2014-04-18 11:14:00,92.84,89.104,2.2364904324744153,4.174000000000007
2014-04-18 11:19:00,89.208,89.3275,2.084272033371618,-3.632000000000005
2014-04-18 11:24:00,89.084,89.03416666666668,1.811011662698063,-0.12399999999999523
2014-04-18 11:29:00,94.292,89.22516666666667,2.22564122867816,5.207999999999998
2014-04-18 11:34:00,92.376,89.45783333333334,2.4052528059665996,-1.9159999999999968
2014-04-18 11:39:00,88.874,89.48649999999999,2.3952182857451167,-3.5020000000000095
2014-04-18 11:44:00,87.416,89.33533333333334,2.4689846766105052,-1.4579999999999984
2014-04-18 11:49:00,87.24,89.35183333333333,2.4528743003540727,-0.17600000000000193
2014-04-18 11:54:00,86.17200000000004,89.245,2.5682523948476104,-1.0679999999999552
2014-04-18 11:59:00,85.626,89.12,2.713177003910651,-0.5460000000000349
2014-04-18 12:04:00,87.416,89.10083333333334,2.7253215934789994,1.789999999999992
2014-04-18 12:09:00,91.084,89.30233333333332,2.7791070944510876,3.6680000000000064
2014-04-18 12:14:00,90.664,89.121,2.5919853394655075,-0.4200000000000017
2014-04-18 12:19:00,92.376,89.38499999999999,2.7576896127019306,1.7120000000000033
2014-04-18 12:24:00,93.02,89.71300000000001,2.9462609277777108,0.6439999999999912
2014-04-18 12:29:00,89.23,89.29116666666668,2.5693245604582176,-3.789999999999992
2014-04-18 12:34:00,86.876,88.83283333333334,2.4571179656202533,-2.353999999999999
2014-04-18 12:39:00,87.042,88.68016666666666,2.5106576405163064,0.16599999999999682
2014-04-18 12:44:00,86.48,88.60216666666668,2.567401014586753,-0.5619999999999976
2014-04-18 12:49:00,87.126,88.59266666666667,2.5731041505739882,0.6460000000000008
2014-04-18 12:54:00,84.792,88.47766666666666,2.7178911388111873,-2.334000000000003
2014-04-18 12:59:00,87.416,88.62683333333332,2.5934248971145917,2.6239999999999952
2014-04-18 13:04:00,85.75,88.488,2.7062744603143245,-1.6659999999999968
2014-04-18 13:09:00,92.75,88.62683333333332,2.888177589394898,7.0
2014-04-18 13:14:00,89.834,88.55766666666666,2.844565195512187,-2.915999999999997
2014-04-18 13:19:00,90.33,88.38716666666666,2.649523381953682,0.4959999999999951
2014-04-18 13:24:00,91.35,88.248,2.4177853126747917,1.019999999999996
2014-04-18 13:29:00,91.774,88.46,2.6151928140291263,0.4240000000000066
2014-04-18 13:34:00,86.626,88.43916666666667,2.6299128859874643,-5.147999999999996
2014-04-18 13:39:00,90.0,88.68566666666668,2.6256746088423215,3.3739999999999952
2014-04-18 13:44:00,88.134,88.82350000000001,2.541424672037417,-1.8659999999999997
2014-04-18 13:49:00,90.968,89.14366666666666,2.550125249450098,2.834000000000003
2014-04-18 13:54:00,88.042,89.41449999999999,2.193606101212537,-2.926000000000002
2014-04-18 13:59:00,85.626,89.26533333333333,2.3936033442701192,-2.415999999999997
2014-04-18 14:04:00,84.042,89.123,2.6578399295129156,-1.5840000000000032
2014-04-18 14:09:00,94.874,89.30000000000001,2.973338619373627,10.831999999999994
2014-04-18 14:14:00,90.75,89.37633333333333,2.999933191175976,-4.123999999999995
2014-04-18 14:19:00,92.792,89.5815,3.1514465509731386,2.0420000000000016
2014-04-18 14:24:00,86.288,89.15966666666667,3.230986320934326,-6.504000000000005
2014-04-18 14:29:00,88.75,88.90766666666667,3.1247260049586303,2.4620000000000033
2014-04-18 14:34:00,87.416,88.9735,3.0802906740059055,-1.3340000000000032
2014-04-18 14:39:00,90.51,89.016,3.09920153940048,3.0940000000000083
2014-04-18 14:44:00,90.876,89.2445,3.1291979948404065,0.36599999999999966
2014-04-18 14:49:00,89.756,89.1435,3.0877978178048653,-1.1200000000000045
2014-04-18 14:54:00,88.09200000000001,89.14766666666668,3.086209659211471,-1.6639999999999873
2014-04-18 14:59:00,87.916,89.3385,2.914687711325106,-0.17600000000001614
2014-04-18 15:04:00,87.124,89.59533333333333,2.5137618797099543,-0.7920000000000016
2014-04-18 15:09:00,92.5,89.3975,2.1237209412650655,5.376000000000005
2014-04-18 15:14:00,93.458,89.62316666666668,2.4056636896879264,0.9579999999999984
2014-04-18 15:19:00,87.792,89.2065,2.2337845790180135,-5.665999999999997
2014-04-18 15:24:00,87.0,89.26583333333333,2.1573654738784818,-0.7920000000000016
2014-04-18 15:29:00,85.334,88.98116666666665,2.438652602392489,-1.6659999999999968
2014-04-18 15:34:00,88.458,89.068,2.3960339958137173,3.1239999999999952
2014-04-18 15:39:00,90.374,89.05666666666667,2.3889042498927524,1.9159999999999968
2014-04-18 15:44:00,85.594,88.61649999999999,2.5069109024317995,-4.780000000000001
2014-04-18 15:49:00,88.916,88.5465,2.48382156071218,3.3220000000000027
2014-04-18 15:54:00,85.166,88.30266666666667,2.6691983588321095,-3.75
2014-04-18 15:59:00,90.292,88.50066666666667,2.72544085952934,5.126000000000005
2014-04-18 16:04:00,88.042,88.57716666666666,2.6960112568336667,-2.25
2014-04-18 16:09:00,87.292,88.14316666666666,2.411261526985261,-0.75
2014-04-18 16:14:00,89.49600000000002,87.813,1.8148525610048774,2.204000000000022
2014-04-18 16:19:00,93.042,88.2505,2.3601947723949617,3.545999999999978
2014-04-18 16:24:00,91.25,88.60466666666667,2.471726571129659,-1.7920000000000016
2014-04-18 16:29:00,92.334,89.188,2.4556259709277897,1.0840000000000032
2014-04-18 16:34:00,87.75,89.129,2.4831113181220767,-4.584000000000003
2014-04-18 16:39:00,88.098,88.93933333333332,2.4662359001433054,0.347999999999999
2014-04-18 16:44:00,86.876,89.04616666666668,2.3322763688315757,-1.2219999999999942
2014-04-18 16:49:00,87.416,88.92116666666668,2.3796035511425435,0.539999999999992
2014-04-18 16:54:00,88.01,89.15816666666667,2.0963727042574387,0.5940000000000083
2014-04-18 16:59:00,86.75,88.863,2.170269610399208,-1.2600000000000051
2014-04-18 17:04:00,87.792,88.84216666666667,2.180045113518031,1.0420000000000016
2014-04-18 17:09:00,87.374,88.849,2.1748667670801365,-0.41800000000000637
2014-04-18 17:14:00,91.75,89.03683333333333,2.3277830980396965,4.376000000000005
2014-04-18 17:19:00,92.416,88.98466666666667,2.235032370453241,0.6659999999999968
2014-04-18 17:24:00,90.042,88.884,2.149284870497533,-2.3739999999999952
2014-04-18 17:29:00,86.75,88.41866666666668,1.9274739631943276,-3.2920000000000016
2014-04-18 17:34:00,89.682,88.57966666666668,1.9471321257571803,2.932000000000002
2014-04-18 17:39:00,86.934,88.48266666666666,2.0015418299335805,-2.7480000000000047
2014-04-18 17:44:00,87.834,88.5625,1.9500763854513683,0.9000000000000057
2014-04-18 17:49:00,86.5,88.48616666666668,2.0158530715468266,-1.3340000000000032
2014-04-18 17:54:00,88.0,88.48533333333334,2.0160698641103356,1.5
2014-04-18 17:59:00,86.62799999999999,88.47516666666667,2.025900016978147,-1.372000000000014
2014-04-18 18:04:00,87.794,88.47533333333332,2.025838786251997,1.166000000000011
2014-04-18 18:09:00,91.158,88.79066666666667,2.1306165276470863,3.3640000000000043
2014-04-18 18:14:00,90.73,88.70566666666667,2.019258519779258,-0.42799999999999727
2014-04-18 18:19:00,92.874,88.74383333333333,2.0985363658493084,2.1439999999999912
2014-04-18 18:24:00,86.916,88.48333333333333,2.1166830541012343,-5.957999999999998
2014-04-18 18:29:00,85.626,88.38966666666666,2.2225793096947,-1.289999999999992
2014-04-18 18:34:00,90.742,88.47800000000001,2.2983820396105124,5.116
2014-04-18 18:39:00,90.674,88.78966666666668,2.323418458508386,-0.06799999999999784
2014-04-18 18:44:00,86.936,88.71483333333333,2.370971946207109,-3.7379999999999995
2014-04-18 18:49:00,84.958,88.58633333333334,2.5378364204522463,-1.9780000000000086
2014-04-18 18:54:00,89.792,88.73566666666666,2.5528769985451953,4.834000000000003
2014-04-18 18:59:00,87.25,88.78750000000001,2.512182987690289,-2.5420000000000016
2014-04-18 19:04:00,88.594,88.85416666666667,2.493970249635055,1.343999999999994
2014-04-18 19:09:00,92.186,88.93983333333334,2.595873712902355,3.592000000000013
2014-04-18 19:14:00,91.042,88.96583333333335,2.616911081039004,-1.1440000000000055
2014-04-18 19:19:00,90.118,88.73616666666668,2.3500719460304413,-0.9240000000000066
2014-04-18 19:24:00,92.1,89.16816666666666,2.459011251161212,1.9819999999999993
2014-04-18 19:29:00,91.458,89.65416666666665,2.2638691671703657,-0.6419999999999959
2014-04-18 19:34:00,92.792,89.825,2.425031358748399,1.3340000000000032
2014-04-18 19:39:00,90.516,89.81183333333333,2.420427228755491,-2.2759999999999962
2014-04-18 19:44:00,89.564,90.03083333333335,2.2494164832586043,-0.9520000000000124
2014-04-18 19:49:00,89.488,90.40833333333332,1.6099004674685509,-0.0759999999999934
2014-04-18 19:54:00,92.23,90.61149999999999,1.677467165375528,2.7420000000000044
2014-04-18 19:59:00,91.876,90.997,1.3303728800617773,-0.3539999999999992
2014-04-18 20:04:00,86.744,90.84283333333333,1.6921531111335744,-5.132000000000005
2014-04-18 20:09:00,94.124,91.00433333333335,1.9104063029701566,7.3799999999999955
2014-04-18 20:14:00,93.334,91.19533333333334,2.0256161950628266,-0.789999999999992
2014-04-18 20:19:00,91.376,91.30016666666666,1.997144408369762,-1.9579999999999984
2014-04-18 20:24:00,87.626,90.92733333333335,2.2374123581963885,-3.75
2014-04-18 20:29:00,86.5,90.51416666666667,2.5643951558126594,-1.1260000000000048
2014-04-18 20:34:00,87.60799999999998,90.08216666666668,2.5823727578740536,1.1079999999999757
2014-04-18 20:39:00,87.708,89.84816666666666,2.6653760380566265,0.10000000000002274
2014-04-18 20:44:00,86.542,89.59633333333333,2.8322087536490788,-1.1659999999999968
2014-04-18 20:49:00,87.3,89.41399999999999,2.9092007024742714,0.7579999999999956
2014-04-18 20:54:00,87.914,89.05433333333333,2.7939180482988704,0.6140000000000043
2014-04-18 20:59:00,87.626,88.70016666666668,2.6703572057057747,-0.2879999999999967
2014-04-18 21:04:00,87.416,88.75616666666667,2.632381356503033,-0.21000000000000796
2014-04-18 21:09:00,90.376,88.44383333333333,2.107634340950938,2.960000000000008
2014-04-18 21:14:00,90.692,88.22366666666666,1.635464645311786,0.3159999999999883
2014-04-18 21:19:00,93.042,88.3625,1.9649201926899078,2.3500000000000085
2014-04-18 21:24:00,87.446,88.34750000000001,1.9717289367466775,-5.596000000000004
2014-04-18 21:29:00,89.792,88.62183333333333,1.9196373631664805,2.3460000000000036
2014-04-18 21:34:00,87.874,88.644,1.908368746529721,-1.9180000000000064
2014-04-18 21:39:00,86.416,88.53633333333333,2.0002128674607786,-1.4579999999999984
2014-04-18 21:44:00,86.876,88.56416666666667,1.972064254593794,0.46000000000000796
2014-04-18 21:49:00,87.126,88.54966666666667,1.9828146813583496,0.25
2014-04-18 21:54:00,87.898,88.54833333333333,1.9832863146970885,0.7719999999999914
2014-04-18 21:59:00,88.084,88.5865,1.9682732857194596,0.18600000000000705
2014-04-18 22:04:00,92.584,89.01716666666665,2.236054716900686,4.5
2014-04-18 22:09:00,92.944,89.23116666666665,2.4867537741677235,0.35999999999999943
2014-04-18 22:14:00,95.014,89.59133333333334,2.98136446289448,2.069999999999993
2014-04-18 22:19:00,88.42,89.20616666666666,2.7872853470831953,-6.593999999999994
2014-04-18 22:24:00,88.042,89.25583333333334,2.7582282136893523,-0.3780000000000001
2014-04-18 22:29:00,87.666,89.07866666666666,2.7887679043345517,-0.3760000000000048
2014-04-18 22:34:00,87.542,89.051,2.803413957692642,-0.12399999999999523
2014-04-18 22:39:00,86.084,89.02333333333333,2.8332619598860673,-1.4579999999999984
2014-04-18 22:44:00,87.708,89.09266666666667,2.7857181653881997,1.6239999999999952
2014-04-18 22:49:00,88.292,89.18983333333334,2.730675501954376,0.5840000000000032
2014-04-18 22:54:00,85.256,88.96966666666667,2.9425870909597407,-3.0360000000000014
2014-04-18 22:59:00,87.708,88.93833333333333,2.9548515216767903,2.451999999999998
2014-04-18 23:04:00,90.75,88.7855,2.7920923565091607,3.0420000000000016
2014-04-18 23:09:00,92.88,88.78016666666667,2.7834746706999844,2.1299999999999955
2014-04-18 23:14:00,92.258,88.5505,2.292809491353468,-0.6219999999999999
2014-04-18 23:19:00,93.286,88.956,2.66733602205451,1.0280000000000058
2014-04-18 23:24:00,92.584,89.33449999999999,2.842363565128096,-0.7019999999999982
2014-04-18 23:29:00,90.482,89.56916666666667,2.8081274845884385,-2.102000000000004
2014-04-18 23:34:00,87.584,89.57266666666668,2.805396012666092,-2.897999999999996
2014-04-18 23:39:00,86.75399999999998,89.62849999999999,2.7354473292156647,-0.8300000000000267
2014-04-18 23:44:00,87.042,89.573,2.784275521894737,0.2880000000000251
2014-04-18 23:49:00,86.916,89.45833333333333,2.868876857630258,-0.12600000000000477
2014-04-18 23:54:00,86.542,89.5655,2.717662381199299,-0.3739999999999952
2014-04-18 23:59:00,89.334,89.70100000000001,2.6564764769768403,2.7920000000000016
2014-04-19 00:04:00,86.67399999999998,89.36133333333333,2.7683829652756313,-2.660000000000025
2014-04-19 00:09:00,93.624,89.42333333333333,2.8611277285000623,6.950000000000017
2014-04-19 00:14:00,92.25,89.42266666666666,2.860408023448772,-1.3739999999999952
2014-04-19 00:19:00,91.124,89.2425,2.6557133094184406,-1.1260000000000048
2014-04-19 00:24:00,88.666,88.916,2.43960592943065,-2.4579999999999984
2014-04-19 00:29:00,85.5,88.50083333333333,2.5693435254008534,-3.165999999999997
2014-04-19 00:34:00,91.152,88.79816666666666,2.6585027171274076,5.652000000000001
2014-04-19 00:39:00,87.458,88.85683333333333,2.6167316822658364,-3.6940000000000026
2014-04-19 00:44:00,84.458,88.6415,2.873386108283543,-3.0
2014-04-19 00:49:00,91.916,89.05816666666668,2.961594958290849,7.457999999999998
2014-04-19 00:54:00,89.166,89.27683333333333,2.8538370289634356,-2.75
2014-04-19 00:59:00,87.708,89.14133333333332,2.889257385977981,-1.4579999999999984
2014-04-19 01:04:00,87.876,89.24149999999999,2.815845182341022,0.16800000000000637
2014-04-19 01:09:00,89.458,88.89433333333334,2.460840482191392,1.5819999999999936
2014-04-19 01:14:00,92.47,88.91266666666667,2.4887739710130288,3.0120000000000005
2014-04-19 01:19:00,91.126,88.91283333333332,2.4889355824001185,-1.343999999999994
2014-04-19 01:24:00,89.584,88.98933333333333,2.494760230175374,-1.5420000000000016
2014-04-19 01:29:00,87.0,89.11433333333333,2.336598434140602,-2.584000000000003
2014-04-19 01:34:00,88.25,88.8725,2.2552927848637823,1.25
2014-04-19 01:39:00,86.958,88.83083333333333,2.288180453522598,-1.2920000000000016
2014-04-19 01:44:00,87.25,89.06349999999999,1.9145667679908636,0.2920000000000016
2014-04-19 01:49:00,87.584,88.7025,1.7270452170751913,0.3340000000000032
2014-04-19 01:54:00,86.584,88.48733333333332,1.8222659886354335,-1.0
2014-04-19 01:59:00,90.75,88.74083333333334,1.9133107827844527,4.165999999999997
2014-04-19 02:04:00,89.042,88.83800000000001,1.8949168367466442,-1.7079999999999984
2014-04-19 02:09:00,94.124,89.22683333333333,2.435362725768922,5.081999999999994
2014-04-19 02:14:00,91.208,89.12166666666667,2.3064155319596362,-2.915999999999997
2014-04-19 02:19:00,91.084,89.11816666666665,2.30312695869829,-0.12399999999999523
2014-04-19 02:24:00,89.166,89.08333333333333,2.298597569798341,-1.9180000000000064
2014-04-19 02:29:00,87.916,89.15966666666667,2.237521491348511,-1.25
2014-04-19 02:34:00,88.05799999999998,89.14366666666666,2.245290640565294,0.1419999999999817
2014-04-19 02:39:00,85.626,89.03266666666667,2.391340792919917,-2.4319999999999737
2014-04-19 02:44:00,86.708,88.9875,2.4328306184742696,1.0819999999999936
2014-04-19 02:49:00,86.416,88.89016666666667,2.5160291165158672,-0.2920000000000016
2014-04-19 02:54:00,88.758,89.07133333333333,2.410952936208031,2.3419999999999987
2014-04-19 02:59:00,87.916,88.83516666666667,2.370025156496943,-0.8419999999999987
2014-04-19 03:04:00,88.25,88.76916666666666,2.374764670957603,0.3340000000000032
2014-04-19 03:09:00,86.82799999999996,88.16116666666666,1.7239621295860004,-1.4220000000000397
2014-04-19 03:14:00,93.042,88.31400000000001,2.0659918155264863,6.214000000000041
2014-04-19 03:19:00,92.798,88.45683333333334,2.318700334762658,-0.24399999999999977
2014-04-19 03:24:00,85.958,88.1895,2.4125378753512385,-6.840000000000003
2014-04-19 03:29:00,86.292,88.05416666666666,2.474040707879867,0.3340000000000032
2014-04-19 03:34:00,88.088,88.05666666666666,2.474060090890604,1.7959999999999923
2014-04-19 03:39:00,85.788,88.07016666666665,2.4599931202179084,-2.299999999999997
2014-04-19 03:44:00,90.084,88.35149999999999,2.482987075718693,4.2960000000000065
2014-04-19 03:49:00,86.834,88.38633333333333,2.4561529169657565,-3.25
2014-04-19 03:54:00,86.834,88.226,2.492218434904331,0.0
2014-04-19 03:59:00,86.25200000000002,88.08733333333333,2.556498220519512,-0.5819999999999794
2014-04-19 04:04:00,87.126,87.99366666666667,2.5705488389325786,0.873999999999981
2014-04-19 04:09:00,94.0,88.59133333333334,3.0617245684968983,6.873999999999995
2014-04-19 04:14:00,92.792,88.5705,3.029366705496023,-1.2079999999999984
2014-04-19 04:19:00,86.708,88.063,2.7544041427906776,-6.084000000000003
2014-04-19 04:24:00,87.296,88.17450000000001,2.6877202404479035,0.5880000000000081
2014-04-19 04:29:00,85.708,88.12583333333333,2.7298623952452163,-1.588000000000008
2014-04-19 04:34:00,86.166,87.96566666666668,2.7880477149091867,0.4579999999999984
2014-04-19 04:39:00,87.584,88.11533333333334,2.7075642637670665,1.4180000000000064
2014-04-19 04:44:00,88.126,87.95216666666666,2.636197876189973,0.5420000000000016
2014-04-19 04:49:00,84.32600000000002,87.74316666666668,2.8255256577190275,-3.799999999999983
2014-04-19 04:54:00,90.354,88.0365,2.9041800751839,6.027999999999977
2014-04-19 04:59:00,87.572,88.1465,2.8550274795691815,-2.7819999999999965
2014-04-19 05:04:00,88.166,88.23316666666666,2.8369610447979716,0.5939999999999941
2014-04-19 05:09:00,93.834,88.21933333333334,2.806526463064802,5.668000000000006
2014-04-19 05:14:00,90.708,88.04566666666666,2.550664060890695,-3.1260000000000048
2014-04-19 05:19:00,91.708,88.46233333333333,2.7153563078889063,1.0
2014-04-19 05:24:00,89.458,88.6425,2.702629308991958,-2.25
2014-04-19 05:29:00,86.874,88.73966666666666,2.6067964084591777,-2.584000000000003
2014-04-19 05:34:00,86.764,88.78949999999999,2.5583901365728483,-0.10999999999999943
2014-04-19 05:39:00,84.834,88.56033333333333,2.7889636828482733,-1.9299999999999926
2014-04-19 05:44:00,88.458,88.58800000000001,2.7859084367914884,3.6239999999999952
2014-04-19 05:49:00,85.876,88.71716666666667,2.600074049062878,-2.5819999999999936
2014-04-19 05:54:00,88.584,88.56966666666666,2.548469606123943,2.7079999999999984
2014-04-19 05:59:00,90.542,88.81716666666667,2.5867029851410246,1.9579999999999984
2014-04-19 06:04:00,88.666,88.85883333333334,2.579276777892176,-1.8760000000000048
2014-04-19 06:09:00,89.376,88.48733333333332,2.0679015860773364,0.710000000000008
2014-04-19 06:14:00,93.916,88.75466666666667,2.5355623845736406,4.539999999999992
2014-04-19 06:19:00,91.428,88.73133333333334,2.5070417675512684,-2.4879999999999995
2014-04-19 06:24:00,86.666,88.49866666666667,2.5624170880903683,-4.7620000000000005
2014-04-19 06:29:00,86.916,88.50216666666667,2.560023786585386,0.25
2014-04-19 06:34:00,87.334,88.54966666666667,2.52995247290452,0.41800000000000637
2014-04-19 06:39:00,90.768,89.04416666666667,2.3078466087894816,3.4339999999999975
2014-04-19 06:44:00,86.376,88.87066666666665,2.430899771067053,-4.391999999999996
2014-04-19 06:49:00,87.542,89.0095,2.287675298798196,1.1659999999999968
2014-04-19 06:54:00,87.25,88.89833333333333,2.3419986543492817,-0.2920000000000016
2014-04-19 06:59:00,87.584,88.65183333333334,2.3087032894661963,0.3340000000000032
2014-04-19 07:04:00,87.084,88.52,2.35257228659196,-0.5
2014-04-19 07:09:00,87.57600000000002,88.37,2.350415050388987,0.49200000000001864
2014-04-19 07:14:00,90.458,88.08183333333334,1.7418409192239543,2.8819999999999766
2014-04-19 07:19:00,93.838,88.28266666666667,2.2325428361300643,3.3799999999999955
2014-04-19 07:24:00,89.458,88.51533333333333,2.1938947241402027,-4.3799999999999955
2014-04-19 07:29:00,89.834,88.75850000000001,2.161993377335028,0.3760000000000048
2014-04-19 07:34:00,87.75,88.79316666666666,2.1403020106923822,-2.084000000000003
2014-04-19 07:39:00,86.334,88.42366666666668,2.1510883221525616,-1.4159999999999968
2014-04-19 07:44:00,88.334,88.58683333333333,2.053702015800035,2.0
2014-04-19 07:49:00,85.984,88.457,2.1716226861297163,-2.3500000000000085
2014-04-19 07:54:00,88.18,88.5345,2.1410108275393007,2.196000000000012
2014-04-19 07:59:00,87.556,88.53216666666667,2.1421558314148768,-0.6240000000000094
2014-04-19 08:04:00,87.72200000000002,88.58533333333332,2.110631328788797,0.16600000000002524
2014-04-19 08:09:00,88.75,88.68316666666665,2.0866657977547143,1.0279999999999774
2014-04-19 08:14:00,92.916,88.88799999999999,2.3771503184207385,4.165999999999997
2014-04-19 08:19:00,93.126,88.82866666666666,2.2477297368013693,0.21000000000000796
2014-04-19 08:24:00,87.666,88.67933333333333,2.2616025425813078,-5.460000000000008
2014-04-19 08:29:00,89.542,88.65500000000002,2.24958864926752,1.8760000000000048
2014-04-19 08:34:00,87.584,88.64116666666666,2.256160448572118,-1.9579999999999984
2014-04-19 08:39:00,87.542,88.74183333333333,2.16913061065137,-0.04200000000000159
2014-04-19 08:44:00,86.376,88.57866666666666,2.2737186734652926,-1.1659999999999968
2014-04-19 08:49:00,87.458,88.70150000000001,2.15765666238432,1.0819999999999936
2014-04-19 08:54:00,87.916,88.6795,2.1647915079128155,0.4579999999999984
2014-04-19 08:59:00,88.126,88.72699999999999,2.144052662176466,0.21000000000000796
2014-04-19 09:04:00,87.25,88.68766666666666,2.1683575406852524,-0.8760000000000048
2014-04-19 09:09:00,88.792,88.69116666666667,2.168501193047077,1.5420000000000016
2014-04-19 09:14:00,93.416,88.73283333333335,2.259935068791953,4.623999999999995
2014-04-19 09:19:00,92.334,88.66683333333333,2.1276659782859912,-1.0819999999999936
2014-04-19 09:24:00,84.584,88.41000000000001,2.4247378115065548,-7.75
2014-04-19 09:29:00,89.094,88.37266666666666,2.4091227121980276,4.509999999999991
2014-04-19 09:34:00,89.35799999999998,88.52049999999998,2.4107566711049206,0.2639999999999816
2014-04-19 09:39:00,87.792,88.54133333333334,2.402598340939022,-1.565999999999974
2014-04-19 09:44:00,90.792,88.90933333333334,2.378865479530354,3.0
2014-04-19 09:49:00,87.75,88.93366666666667,2.3641179532700796,-3.0420000000000016
2014-04-19 09:54:00,87.958,88.93716666666667,2.3625049045973716,0.2079999999999984
2014-04-19 09:59:00,87.792,88.90933333333334,2.3748654060754486,-0.16599999999999682
2014-04-19 10:04:00,88.834,89.04133333333334,2.3175818641363946,1.0420000000000016
2014-04-19 10:09:00,92.75,89.37116666666667,2.5489677708778444,3.915999999999997
2014-04-19 10:14:00,92.834,89.32266666666665,2.469300870263292,0.08400000000000318
2014-04-19 10:19:00,88.126,88.972,2.2954538469855126,-4.707999999999998
2014-04-19 10:24:00,87.166,89.18716666666666,1.9402840388766287,-0.960000000000008
2014-04-19 10:29:00,87.834,89.08216666666668,1.9794811915961785,0.6680000000000064
2014-04-19 10:34:00,85.758,88.78216666666667,2.1949488224871097,-2.0760000000000076
2014-04-19 10:39:00,88.876,88.8725,2.172687004192284,3.118000000000009
2014-04-19 10:44:00,86.666,88.52866666666667,2.16777562296455,-2.210000000000008
2014-04-19 10:49:00,87.25,88.48700000000001,2.188806150311295,0.5840000000000032
2014-04-19 10:54:00,86.758,88.387,2.241939014660908,-0.49200000000000443
2014-04-19 10:59:00,87.1,88.32933333333334,2.267390062819776,0.34199999999999875
2014-04-19 11:04:00,87.322,88.20333333333333,2.2787786734188114,0.2220000000000084
2014-04-19 11:09:00,95.876,88.46383333333334,2.931094546825203,8.554000000000002
2014-04-19 11:14:00,90.126,88.23816666666666,2.6553171984240587,-5.75
2014-04-19 11:19:00,88.126,88.23816666666666,2.6553171984240587,-2.0
2014-04-19 11:24:00,87.458,88.2625,2.645919963745998,-0.6680000000000064
2014-04-19 11:29:00,86.834,88.17916666666667,2.676216523152048,-0.6239999999999952
2014-04-19 11:34:00,87.88600000000002,88.3565,2.5695775563671925,1.052000000000021
2014-04-19 11:39:00,84.79799999999999,88.01666666666667,2.7574233471042593,-3.0880000000000365
2014-04-19 11:44:00,85.208,87.89516666666667,2.852819652501906,0.4100000000000108
2014-04-19 11:49:00,89.958,88.12083333333334,2.903795567352125,4.75
2014-04-19 11:54:00,84.376,87.92233333333333,3.0814098111492005,-5.581999999999994
2014-04-19 11:59:00,92.916,88.407,3.382946590824013,8.539999999999992
2014-04-19 12:04:00,91.75,88.77600000000001,3.4935277299606784,-1.1659999999999968
2014-04-19 12:09:00,93.334,88.56416666666667,3.075991778962781,1.5840000000000032
2014-04-19 12:14:00,93.166,88.81750000000001,3.3309347991769305,-0.16800000000000637
2014-04-19 12:19:00,86.416,88.675,3.3990874176360157,-6.75
2014-04-19 12:24:00,86.708,88.6125,3.4302514220077245,0.2920000000000016
2014-04-19 12:29:00,89.834,88.8625,3.398019115469355,3.1260000000000048
2014-04-19 12:34:00,83.874,88.52816666666666,3.6878437610702544,-5.960000000000008
2014-04-19 12:39:00,90.334,88.9895,3.5212995664055455,6.460000000000008
2014-04-19 12:44:00,85.81,89.03966666666668,3.466388409579177,-4.524000000000001
2014-04-19 12:49:00,89.514,89.00266666666668,3.458054664202159,3.7039999999999935
2014-04-19 12:54:00,88.21799999999998,89.32283333333334,3.1553582085472844,-1.2960000000000207
2014-04-19 12:59:00,87.584,88.87849999999999,2.9735599876249723,-0.6339999999999719
2014-04-19 13:04:00,88.0,88.56599999999999,2.8383257548972876,0.4159999999999968
2014-04-19 13:09:00,93.056,88.54283333333332,2.796700323054627,5.055999999999997
2014-04-19 13:14:00,91.246,88.38283333333334,2.552415961873842,-1.8100000000000023
2014-04-19 13:19:00,89.376,88.6295,2.487256849697635,-1.8699999999999903
2014-04-19 13:24:00,85.834,88.55666666666667,2.5603606753508266,-3.5420000000000016
2014-04-19 13:29:00,89.0,88.48716666666667,2.533716559930243,3.165999999999997
2014-04-19 13:34:00,86.9,88.73933333333333,2.1551555663468207,-2.0999999999999943
2014-04-19 13:39:00,87.37,88.49233333333332,2.1254230523637596,0.46999999999999886
2014-04-19 13:44:00,86.0,88.50816666666667,2.104226475598621,-1.3700000000000045
2014-04-19 13:49:00,86.04799999999999,88.21933333333334,2.1897505600308933,0.04799999999998761
2014-04-19 13:54:00,90.812,88.4355,2.314112140758118,4.76400000000001
2014-04-19 13:59:00,86.292,88.32783333333333,2.3862618096609878,-4.519999999999996
2014-04-19 14:04:00,87.0,88.2445,2.4160266592456954,0.7079999999999984
2014-04-19 14:09:00,91.08,88.07983333333334,2.1056888241728653,4.079999999999998
2014-04-19 14:14:00,92.126,88.15316666666666,2.2371958841922,1.0460000000000065
2014-04-19 14:19:00,92.54,88.41683333333333,2.5578798690021705,0.4140000000000015
2014-04-19 14:24:00,86.734,88.49183333333333,2.4874894913750127,-5.806000000000012
2014-04-19 14:29:00,88.52,88.45183333333334,2.4824292293622436,1.7860000000000014
2014-04-19 14:34:00,90.916,88.7865,2.524550599072421,2.396000000000001
2014-04-19 14:39:00,86.416,88.707,2.5874499204647954,-4.5
2014-04-19 14:44:00,86.91799999999998,88.7835,2.512628341363359,0.5019999999999811
2014-04-19 14:49:00,88.376,88.9775,2.3679253865710916,1.4580000000000268
2014-04-19 14:54:00,89.61,88.87733333333334,2.3079318303055527,1.2339999999999947
2014-04-19 14:59:00,87.35600000000002,88.96600000000001,2.2182754972776473,-2.2539999999999765
2014-04-19 15:04:00,87.166,88.97983333333333,2.2053809332199905,-0.19000000000002615
2014-04-19 15:09:00,89.292,88.83083333333333,2.108879316058927,2.1260000000000048
2014-04-19 15:14:00,93.084,88.91066666666666,2.257833125863519,3.7920000000000016
2014-04-19 15:19:00,92.75,88.92816666666666,2.2891177273572394,-0.3340000000000032
2014-04-19 15:24:00,85.992,88.86633333333333,2.3626157819962015,-6.757999999999996
2014-04-19 15:29:00,87.75,88.80216666666666,2.383243238391229,1.7579999999999956
2014-04-19 15:34:00,86.02799999999998,88.39483333333334,2.406714011538861,-1.7220000000000226
2014-04-19 15:39:00,90.542,88.73866666666667,2.392998929960492,4.514000000000024
2014-04-19 15:44:00,87.25,88.76633333333332,2.371861537172718,-3.2920000000000016
2014-04-19 15:49:00,87.708,88.71066666666667,2.389627636772812,0.4579999999999984
2014-04-19 15:54:00,87.958,88.573,2.380676068989376,0.25
2014-04-19 15:59:00,88.084,88.63366666666667,2.3559917939877266,0.12600000000000477
2014-04-19 16:04:00,88.37200000000001,88.73416666666667,2.313024223956645,0.2880000000000109
2014-04-19 16:09:00,90.292,88.8175,2.3526237770556993,1.9199999999999875
2014-04-19 16:14:00,93.084,88.8175,2.3526237770556993,2.7920000000000016
2014-04-19 16:19:00,94.416,88.95633333333332,2.6376741591222306,1.3319999999999936
2014-04-19 16:24:00,88.126,89.13416666666667,2.4872997345919496,-6.289999999999992
2014-04-19 16:29:00,85.666,88.96050000000001,2.6595215051523535,-2.460000000000008
2014-04-19 16:34:00,89.542,89.25333333333333,2.4956902974147797,3.8760000000000048
2014-04-19 16:39:00,87.302,88.98333333333335,2.5187552962581408,-2.239999999999995
2014-04-19 16:44:00,86.708,88.93816666666667,2.5572291052961775,-0.5940000000000083
2014-04-19 16:49:00,87.208,88.8965,2.583038397631858,0.5
2014-04-19 16:54:00,87.876,88.88966666666666,2.585853800738176,0.6680000000000064
2014-04-19 16:59:00,87.83,88.8685,2.594074664237819,-0.04600000000000648
2014-04-19 17:04:00,87.626,88.80633333333333,2.6159019766649014,-0.20399999999999352
2014-04-19 17:09:00,87.916,88.60833333333333,2.5829407952021146,0.28999999999999204
2014-04-19 17:14:00,93.458,88.6395,2.6434040209899803,5.542000000000002
2014-04-19 17:19:00,90.624,88.32350000000001,2.050176245196448,-2.834000000000003
2014-04-19 17:24:00,85.33,88.0905,2.226003695987411,-5.293999999999997
2014-04-19 17:29:00,89.042,88.37183333333333,2.101587877312005,3.7120000000000033
2014-04-19 17:34:00,89.072,88.33266666666667,2.082086424429123,0.030000000000001137
2014-04-19 17:39:00,87.542,88.35266666666666,2.0724163030958587,-1.5300000000000011
2014-04-19 17:44:00,86.874,88.36650000000002,2.060962550937744,-0.6680000000000064
2014-04-19 17:49:00,87.792,88.41516666666666,2.0378852601011452,0.9180000000000064
2014-04-19 17:54:00,85.762,88.23899999999999,2.175460578194166,-2.030000000000001
2014-04-19 17:59:00,87.52600000000002,88.21366666666667,2.18241531475216,1.7640000000000242
2014-04-19 18:04:00,86.17200000000004,88.09250000000002,2.2570934044402735,-1.353999999999985
2014-04-19 18:09:00,93.0,88.51616666666668,2.661811749144359,6.82799999999996
2014-04-19 18:14:00,90.542,88.27316666666667,2.2745899863634245,-2.4579999999999984
2014-04-19 18:19:00,92.998,88.471,2.5803335231929343,2.456000000000003
2014-04-19 18:24:00,88.45,88.73100000000001,2.3848516630074976,-4.548000000000002
2014-04-19 18:29:00,91.146,88.90633333333334,2.4850332843337526,2.695999999999998
2014-04-19 18:34:00,85.07600000000002,88.57333333333334,2.717663345708998,-6.069999999999979
2014-04-19 18:39:00,84.75,88.34066666666668,2.9255498110566953,-0.32600000000002183
2014-04-19 18:44:00,91.416,88.71916666666668,3.0111108742412407,6.665999999999997
2014-04-19 18:49:00,91.59,89.03566666666667,3.102999350580196,0.1740000000000066
2014-04-19 18:54:00,87.916,89.21516666666668,2.9551922205856944,-3.6740000000000066
2014-04-19 18:59:00,87.208,89.18866666666668,2.9730880589153026,-0.7079999999999984
2014-04-19 19:04:00,87.196,89.274,2.892228458222074,-0.012000000000000455
2014-04-19 19:09:00,95.124,89.45100000000001,3.190587235775741,7.927999999999997
2014-04-19 19:14:00,94.042,89.74266666666666,3.448906054055568,-1.0819999999999936
2014-04-19 19:19:00,89.458,89.44766666666665,3.293023240217147,-4.584000000000003
2014-04-19 19:24:00,85.75,89.22266666666667,3.4556136498419305,-3.7079999999999984
2014-04-19 19:29:00,91.124,89.22083333333335,3.4545061437163294,5.373999999999995
2014-04-19 19:34:00,87.834,89.45066666666668,3.2386799031635864,-3.289999999999992
2014-04-19 19:39:00,87.792,89.70416666666667,2.9428385132649906,-0.04200000000000159
2014-04-19 19:44:00,87.374,89.36733333333332,2.9603609526037786,-0.41800000000000637
2014-04-19 19:49:00,87.064,88.99016666666667,2.939683774995853,-0.3100000000000023
2014-04-19 19:54:00,87.846,88.98433333333332,2.942077538479979,0.7820000000000107
2014-04-19 19:59:00,88.416,89.085,2.896079795486021,0.5699999999999932
2014-04-19 20:04:00,88.834,89.22149999999999,2.8369502350883438,0.41800000000000637
2014-04-19 20:09:00,90.39,88.827,2.198955867928022,1.5559999999999974
2014-04-19 20:14:00,92.584,88.70549999999999,1.905283395767147,2.1940000000000026
2014-04-19 20:19:00,92.288,88.94133333333333,2.1644187686454703,-0.2960000000000065
2014-04-19 20:24:00,86.5,89.00383333333333,2.072776347771982,-5.787999999999997
2014-04-19 20:29:00,83.5,88.3685,2.490230237622177,-3.0
2014-04-19 20:34:00,88.10600000000002,88.39116666666666,2.486157379402133,4.606000000000023
2014-04-19 20:39:00,89.916,88.56816666666667,2.5150624728679034,1.8099999999999739
2014-04-19 20:44:00,89.834,88.77316666666667,2.509127549689381,-0.08199999999999363
2014-04-19 20:49:00,86.88600000000002,88.75833333333334,2.5206499642807225,-2.947999999999979
2014-04-19 20:54:00,88.166,88.78500000000001,2.5117978349462224,1.2799999999999727
2014-04-19 20:59:00,85.916,88.57666666666667,2.6453145313367066,-2.25
2014-04-19 21:04:00,88.44,88.54383333333334,2.6442751140514953,2.524000000000001
2014-04-19 21:09:00,91.542,88.63983333333334,2.736689766632683,3.102000000000004
2014-04-19 21:14:00,90.416,88.45916666666666,2.5152410270681003,-1.1260000000000048
2014-04-19 21:19:00,92.708,88.49416666666667,2.5755622804759026,2.2920000000000016
2014-04-19 21:24:00,88.166,88.633,2.502152309876909,-4.542000000000002
2014-04-19 21:29:00,92.292,89.36566666666666,2.1206220070945805,4.126000000000005
2014-04-19 21:34:00,87.0,89.2735,2.2027894918622395,-5.292000000000002
2014-04-19 21:39:00,91.584,89.41250000000001,2.297604463943137,4.584000000000003
2014-04-19 21:44:00,86.834,89.16250000000001,2.4081273184411036,-4.75
2014-04-19 21:49:00,87.07,89.17783333333334,2.392851696705923,0.23599999999999
2014-04-19 21:54:00,84.792,88.89666666666666,2.700946007112602,-2.2779999999999916
2014-04-19 21:59:00,91.918,89.39683333333333,2.654126866644959,7.126000000000005
2014-04-19 22:04:00,88.208,89.3775,2.6625618729481,-3.710000000000008
2014-04-19 22:09:00,89.5,89.20733333333334,2.5754798081966035,1.2920000000000016
2014-04-19 22:14:00,91.802,89.32283333333334,2.6641627657537024,2.3020000000000067
2014-04-19 22:19:00,94.674,89.48666666666668,2.9376696185723405,2.872
2014-04-19 22:24:00,87.958,89.46933333333334,2.9467699831065044,-6.716000000000008
2014-04-19 22:29:00,90.542,89.32350000000001,2.835584675961843,2.584000000000003
2014-04-19 22:34:00,88.042,89.41033333333333,2.773233338815781,-2.5
2014-04-19 22:39:00,87.166,89.04216666666667,2.7516061370293374,-0.8760000000000048
2014-04-19 22:44:00,86.916,89.04899999999999,2.745719379160057,-0.25
2014-04-19 22:49:00,86.708,89.01883333333335,2.7713082513943847,-0.2079999999999984
2014-04-19 22:54:00,85.792,89.10216666666666,2.6448001070146647,-0.9159999999999968
2014-04-19 22:59:00,87.708,88.75133333333333,2.5132814237875722,1.9159999999999968
2014-04-19 23:04:00,88.876,88.807,2.5075443257216246,1.1680000000000064
2014-04-19 23:09:00,91.0,88.932,2.5815263983656487,2.1239999999999952
2014-04-19 23:14:00,92.342,88.97699999999999,2.640144004337743,1.3419999999999987
2014-04-19 23:19:00,93.828,88.9065,2.4806654715665197,1.4860000000000042
2014-04-19 23:24:00,90.084,89.08366666666667,2.4826838605668886,-3.7439999999999998
2014-04-19 23:29:00,87.73,88.84933333333333,2.465169045774871,-2.353999999999999
2014-04-19 23:34:00,88.302,88.871,2.458561959580248,0.5720000000000027
2014-04-19 23:39:00,89.834,89.09333333333335,2.41052530424976,1.5319999999999965
2014-04-19 23:44:00,86.084,89.024,2.4895157616044297,-3.75
2014-04-19 23:49:00,87.88799999999998,89.12233333333334,2.411811515828495,1.8039999999999736
2014-04-19 23:54:00,87.34200000000001,89.25150000000001,2.2535515606188796,-0.5459999999999638
2014-04-19 23:59:00,88.708,89.33483333333334,2.209341894335223,1.3659999999999854
2014-04-20 00:04:00,84.874,89.00133333333333,2.559242548928608,-3.834000000000003
2014-04-20 00:09:00,93.458,89.20616666666668,2.8189404145192967,8.584000000000003
2014-04-20 00:14:00,92.834,89.24716666666666,2.871778474406543,-0.6239999999999952
2014-04-20 00:19:00,93.166,89.19200000000001,2.7806952695004803,0.33199999999999363
2014-04-20 00:24:00,92.292,89.37599999999999,2.914898906714914,-0.8739999999999952
2014-04-20 00:29:00,88.624,89.45049999999999,2.8802237444660417,-3.6680000000000064
2014-04-20 00:34:00,87.384,89.37400000000001,2.9253394519431546,-1.2399999999999949
2014-04-20 00:39:00,87.542,89.18299999999999,2.967101003275845,0.15800000000000125
2014-04-20 00:44:00,86.834,89.24549999999999,2.903097045320673,-0.7079999999999984
2014-04-20 00:49:00,87.208,89.18883333333333,2.9384251141588256,0.3739999999999952
2014-04-20 00:54:00,87.458,89.19850000000001,2.931980915850793,0.25
2014-04-20 00:59:00,85.458,88.92766666666667,3.1251498097431245,-2.0
2014-04-20 01:04:00,87.79,89.17066666666666,2.8854755188185406,2.332000000000008
2014-04-20 01:09:00,89.374,88.83033333333333,2.5558463225019183,1.583999999999989
2014-04-20 01:14:00,88.5,88.46916666666665,2.2232313024619303,-0.8739999999999952
2014-04-20 01:19:00,91.124,88.29899999999999,1.8831971846749824,2.6239999999999952
2014-04-20 01:24:00,90.5,88.14966666666668,1.585258644417719,-0.6239999999999952
2014-04-20 01:29:00,87.958,88.09416666666665,1.5787876726006091,-2.5420000000000016
2014-04-20 01:34:00,90.584,88.36083333333333,1.712517436320317,2.6260000000000048
2014-04-20 01:39:00,90.27,88.58816666666667,1.7739052876918546,-0.31400000000000716
2014-04-20 01:44:00,87.834,88.6715,1.7062045331949705,-2.435999999999993
2014-04-20 01:49:00,87.374,88.68533333333333,1.69388876598179,-0.46000000000000796
2014-04-20 01:54:00,84.708,88.45616666666666,2.02808632743266,-2.665999999999997
2014-04-20 01:59:00,89.584,88.80000000000001,1.8118003100895337,4.876000000000005
2014-04-20 02:04:00,88.208,88.83483333333334,1.7945530632928823,-1.3760000000000048
2014-04-20 02:09:00,90.834,88.95649999999999,1.8818018686172704,2.6260000000000048
2014-04-20 02:14:00,91.042,89.16833333333334,1.9668941522270067,0.2079999999999984
2014-04-20 02:19:00,92.25,89.26216666666666,2.0915800827193873,1.2079999999999984
2014-04-20 02:24:00,88.416,89.08850000000001,2.065817579732407,-3.834000000000003
2014-04-20 02:29:00,88.374,89.12316666666665,2.048540137994344,-0.04200000000000159
2014-04-20 02:34:00,88.126,88.91833333333334,2.0117498187740703,-0.24799999999999045
2014-04-20 02:39:00,89.384,88.8445,1.9735279208943615,1.2579999999999956
2014-04-20 02:44:00,86.916,88.76799999999999,2.0331505332643847,-2.4680000000000035
2014-04-20 02:49:00,87.584,88.7855,2.020928162099731,0.6680000000000064
2014-04-20 02:54:00,87.25,88.99733333333332,1.6547158686810208,-0.3340000000000032
2014-04-20 02:59:00,89.25,88.9695,1.6467404995115196,2.0
2014-04-20 03:04:00,87.708,88.92783333333334,1.67386226398472,-1.5420000000000016
2014-04-20 03:09:00,92.792,89.09100000000001,1.9493307942621585,5.084000000000003
2014-04-20 03:14:00,90.512,89.04683333333332,1.906644545857096,-2.280000000000001
2014-04-20 03:19:00,92.084,89.033,1.8817312145044913,1.5720000000000027
2014-04-20 03:24:00,89.88600000000002,89.1555,1.885757166475389,-2.197999999999979
2014-04-20 03:29:00,88.0,89.12433333333333,1.90286058980857,-1.886000000000024
2014-04-20 03:34:00,88.24799999999998,89.1345,1.8973597205314312,0.24799999999997624
2014-04-20 03:39:00,86.876,88.9255,2.0025917979196595,-1.3719999999999715
2014-04-20 03:44:00,86.88600000000002,88.923,2.005345311457853,0.010000000000019327
2014-04-20 03:49:00,86.542,88.83616666666667,2.089394598414325,-0.3440000000000225
2014-04-20 03:54:00,85.042,88.65216666666667,2.3256430521610074,-1.5
2014-04-20 03:59:00,91.626,88.85016666666667,2.4773630347740276,6.584000000000003
2014-04-20 04:04:00,87.066,88.79666666666668,2.5109752300779027,-4.560000000000002
2014-04-20 04:09:00,90.152,88.57666666666667,2.228909286190167,3.0859999999999985
2014-04-20 04:14:00,92.894,88.77516666666668,2.505801045333019,2.7420000000000044
2014-04-20 04:19:00,94.432,88.97083333333335,2.855001793769739,1.5379999999999967
2014-04-20 04:24:00,90.626,89.03250000000001,2.884406367160022,-3.8059999999999974
2014-04-20 04:29:00,85.5,88.82416666666667,3.051221330232335,-5.126000000000005
2014-04-20 04:34:00,87.376,88.75150000000001,3.076469656190146,1.8760000000000048
2014-04-20 04:39:00,88.37,88.87600000000002,3.023444152859239,0.9939999999999998
2014-04-20 04:44:00,87.624,88.9375,2.9865665449269523,-0.7460000000000093
2014-04-20 04:49:00,88.286,89.08283333333334,2.9005947300308916,0.6620000000000061
2014-04-20 04:54:00,90.75,89.5585,2.633420744618304,2.4639999999999986
2014-04-20 04:59:00,86.0,89.08966666666667,2.7308783579765668,-4.75
2014-04-20 05:04:00,88.208,89.18483333333334,2.6732358952249875,2.2079999999999984
2014-04-20 05:09:00,89.334,89.11666666666667,2.6567096989032524,1.1260000000000048
2014-04-20 05:14:00,95.084,89.29916666666666,2.99363439297321,5.75
2014-04-20 05:19:00,93.85,89.25066666666667,2.906359714124007,-1.2340000000000089
2014-04-20 05:24:00,89.712,89.17450000000001,2.8788865429670745,-4.137999999999991
2014-04-20 05:29:00,88.126,89.39333333333333,2.666127778884113,-1.5859999999999985
2014-04-20 05:34:00,86.506,89.32083333333333,2.7368627638014638,-1.6200000000000045
2014-04-20 05:39:00,87.416,89.24133333333333,2.7805012410569687,0.9099999999999966
2014-04-20 05:44:00,87.084,89.19633333333333,2.8132329940465413,-0.33199999999999363
2014-04-20 05:49:00,86.958,89.08566666666667,2.877681242482828,-0.12600000000000477
2014-04-20 05:54:00,89.084,88.94683333333334,2.829877023777029,2.1260000000000048
2014-04-20 05:59:00,88.154,89.12633333333333,2.690866009074414,-0.9300000000000068
2014-04-20 06:04:00,87.666,89.08116666666666,2.7121463433751076,-0.48799999999999955
2014-04-20 06:09:00,95.932,89.63100000000001,3.3595901806354944,8.266000000000005
2014-04-20 06:14:00,94.624,89.59266666666666,3.2936925212057466,-1.308000000000007
2014-04-20 06:19:00,92.166,89.45233333333334,3.127493196950862,-2.4579999999999984
2014-04-20 06:24:00,90.09,89.48383333333334,3.132246299190425,-2.0759999999999934
2014-04-20 06:29:00,87.62,89.44166666666666,3.1555069131269713,-2.469999999999999
2014-04-20 06:34:00,87.584,89.5315,3.0787454499290434,-0.036000000000001364
2014-04-20 06:39:00,87.876,89.56983333333334,3.052765001030934,0.2920000000000016
2014-04-20 06:44:00,87.25,89.58366666666666,3.0408294123735002,-0.6260000000000048
2014-04-20 06:49:00,86.85799999999998,89.57533333333333,3.048805707556404,-0.39200000000002433
2014-04-20 06:54:00,85.374,89.26616666666666,3.2823240611536906,-1.4839999999999804
2014-04-20 06:59:00,91.542,89.54849999999999,3.3234172035865686,6.168000000000006
2014-04-20 07:04:00,87.74799999999998,89.55533333333334,3.319276408916881,-3.7940000000000254
2014-04-20 07:09:00,90.166,89.07483333333333,2.6651629263980494,2.4180000000000206
2014-04-20 07:14:00,92.916,88.9325,2.371271868160934,2.75
2014-04-20 07:19:00,88.876,88.65833333333335,2.1425960181457033,-4.039999999999992
2014-04-20 07:24:00,87.588,88.44983333333333,2.1121331670033503,-1.288000000000011
2014-04-20 07:29:00,90.834,88.71766666666667,2.1993177178949295,3.2460000000000093
2014-04-20 07:34:00,89.166,88.84949999999999,2.172435269462398,-1.6680000000000064
2014-04-20 07:39:00,88.042,88.86333333333333,2.1661923583415894,-1.1239999999999952
2014-04-20 07:44:00,87.874,88.91533333333332,2.131149298697186,-0.16800000000000637
2014-04-20 07:49:00,87.38,88.95883333333332,2.090273833011806,-0.4939999999999998
2014-04-20 07:54:00,88.792,89.24366666666667,1.7649345768640472,1.4120000000000061
2014-04-20 07:59:00,88.166,88.96233333333333,1.6291152832334415,-0.6260000000000048
2014-04-20 08:04:00,88.0,88.98333333333333,1.6135891858246412,-0.16599999999999682
2014-04-20 08:09:00,93.834,89.289,2.1245203094954785,5.834000000000003
2014-04-20 08:14:00,92.334,89.2405,2.0391201534005337,-1.5
2014-04-20 08:19:00,91.084,89.42450000000001,2.101892675230128,-1.25
2014-04-20 08:24:00,87.792,89.4415,2.0864571319920793,-3.2920000000000016
2014-04-20 08:29:00,87.67399999999998,89.17816666666666,2.0941304046117484,-0.11800000000002342
2014-04-20 08:34:00,87.624,89.04966666666667,2.1417143232533222,-0.04999999999998295
2014-04-20 08:39:00,88.084,89.05316666666666,2.1399514792016965,0.46000000000000796
2014-04-20 08:44:00,87.042,88.98383333333334,2.1944141414615896,-1.0420000000000016
2014-04-20 08:49:00,86.52799999999998,88.91283333333332,2.2637123907164023,-0.5140000000000242
2014-04-20 08:54:00,86.116,88.68983333333334,2.404149058809342,-0.4119999999999777
2014-04-20 08:59:00,87.958,88.6725,2.4090140004884986,1.8419999999999987
2014-04-20 09:04:00,89.416,88.7905,2.407757934828881,1.4579999999999984
2014-04-20 09:09:00,90.964,88.55133333333333,1.9626300227156235,1.5480000000000018
2014-04-20 09:14:00,93.258,88.62833333333333,2.135076721353295,2.293999999999997
2014-04-20 09:19:00,90.096,88.54599999999999,2.049090263774396,-3.161999999999992
2014-04-20 09:24:00,88.584,88.61200000000001,2.0353051144963583,-1.5120000000000005
2014-04-20 09:29:00,87.75,88.61833333333334,2.032236892658656,-0.8340000000000032
2014-04-20 09:34:00,86.584,88.53166666666668,2.0995569806879795,-1.1659999999999968
2014-04-20 09:39:00,87.25,88.46216666666668,2.1293156319837037,0.6659999999999968
2014-04-20 09:44:00,87.32799999999996,88.48599999999999,2.1135166730539034,0.07799999999996032
2014-04-20 09:49:00,86.96,88.52199999999999,2.0805558697801985,-0.3679999999999666
2014-04-20 09:54:00,88.6,88.729,1.9381082622928412,1.6400000000000006
2014-04-20 09:59:00,88.39200000000002,88.76516666666667,1.9264270192795276,-0.20799999999997
2014-04-20 10:04:00,87.76,88.62716666666667,1.9348615094135773,-0.6320000000000192
2014-04-20 10:09:00,93.084,88.80383333333333,2.2403047614658544,5.323999999999998
2014-04-20 10:14:00,93.584,88.831,2.3003983054333275,0.5
2014-04-20 10:19:00,90.708,88.882,2.3374782060247172,-2.8760000000000048
2014-04-20 10:24:00,87.25,88.77083333333333,2.384193625196661,-3.4579999999999984
2014-04-20 10:29:00,87.208,88.72566666666665,2.410281738845111,-0.04200000000000159
2014-04-20 10:34:00,87.666,88.81583333333333,2.342155876862023,0.4579999999999984
2014-04-20 10:39:00,88.042,88.88183333333332,2.3048831101640097,0.3760000000000048
2014-04-20 10:44:00,87.416,88.88916666666667,2.2996239152346867,-0.6260000000000048
2014-04-20 10:49:00,86.87799999999999,88.88233333333334,2.30599059106163,-0.5380000000000109
2014-04-20 10:54:00,87.666,88.8045,2.332002202557156,0.7880000000000109
2014-04-20 10:59:00,86.208,88.6225,2.4493922251716675,-1.4579999999999984
2014-04-20 11:04:00,88.292,88.66683333333333,2.4371459400982696,2.084000000000003
2014-04-20 11:09:00,89.666,88.38199999999999,2.041610237934872,1.3739999999999952
2014-04-20 11:14:00,92.334,88.27783333333333,1.7652501153380742,2.6680000000000064
2014-04-20 11:19:00,93.166,88.48266666666666,2.169251455869514,0.8319999999999936
2014-04-20 11:24:00,87.596,88.5115,2.153620735582615,-5.569999999999993
2014-04-20 11:29:00,87.834,88.56366666666666,2.126588019825358,0.23799999999999955
2014-04-20 11:34:00,86.834,88.49433333333333,2.17160181070254,-1.0
2014-04-20 11:39:00,87.462,88.44600000000001,2.1889697036826448,0.6280000000000001
2014-04-20 11:44:00,87.126,88.42183333333334,2.202931180923024,-0.3359999999999985
2014-04-20 11:49:00,86.916,88.425,2.2005362156455766,-0.21000000000000796
2014-04-20 11:54:00,88.25,88.47366666666666,2.1886500336282846,1.3340000000000032
2014-04-20 11:59:00,88.5,88.66466666666666,2.0697332868734564,0.25
2014-04-20 12:04:00,87.916,88.63333333333334,2.078714521190965,-0.5840000000000032
2014-04-20 12:09:00,92.25,88.84866666666666,2.3157376729027614,4.334000000000003
2014-04-20 12:14:00,94.2,89.00416666666666,2.614437322858525,1.9500000000000028
2014-04-20 12:19:00,90.208,88.75766666666668,2.307838789602083,-3.9920000000000044
2014-04-20 12:24:00,88.792,88.85733333333333,2.2787521837961333,-1.4159999999999968
2014-04-20 12:29:00,85.792,88.68716666666666,2.4331312348627505,-3.0
2014-04-20 12:34:00,87.0,88.70100000000001,2.4220842264471583,1.2079999999999984
2014-04-20 12:39:00,88.0,88.74583333333334,2.4019607836234003,1.0
2014-04-20 12:44:00,86.75399999999998,88.71483333333333,2.427036720453233,-1.2460000000000235
2014-04-20 12:49:00,90.916,89.04816666666666,2.432200269615826,4.16200000000002
2014-04-20 12:54:00,88.542,89.07249999999999,2.4249387808588563,-2.3739999999999952
2014-04-20 12:59:00,87.414,88.98199999999999,2.468127593578979,-1.1280000000000001
2014-04-20 13:04:00,87.708,88.96466666666667,2.4770089489821134,0.29399999999999693
2014-04-20 13:09:00,88.584,88.65916666666668,2.250713738647692,0.8760000000000048
2014-04-20 13:14:00,93.5,88.60083333333334,2.0979391547358643,4.915999999999997
2014-04-20 13:19:00,92.624,88.80216666666666,2.3651119455864347,-0.8760000000000048
2014-04-20 13:24:00,85.786,88.55166666666666,2.5203797453181926,-6.837999999999994
2014-04-20 13:29:00,88.824,88.80433333333333,2.3658128464116843,3.0379999999999967
2014-04-20 13:34:00,87.334,88.83216666666665,2.3445243686418884,-1.4899999999999949
2014-04-20 13:39:00,87.042,88.75233333333334,2.391280650931481,-0.2920000000000016
2014-04-20 13:44:00,89.456,88.9775,2.3119032891074687,2.4140000000000015
2014-04-20 13:49:00,86.916,88.64416666666666,2.2953021521579897,-2.5400000000000063
2014-04-20 13:54:00,88.374,88.63016666666665,2.296494001075079,1.4579999999999984
2014-04-20 13:59:00,88.206,88.69616666666667,2.2695877812884495,-0.16799999999999216
2014-04-20 14:04:00,87.958,88.717,2.2608229394714865,-0.24800000000000466
2014-04-20 14:09:00,90.672,88.891,2.328978472909712,2.7139999999999986
2014-04-20 14:14:00,91.624,88.73466666666667,2.0360093468867446,0.9519999999999982
2014-04-20 14:19:00,92.0,88.68266666666666,1.9330078931953805,0.3760000000000048
2014-04-20 14:24:00,89.414,88.985,1.709572514350387,-2.5859999999999985
2014-04-20 14:29:00,92.0,89.24966666666667,1.915789480432922,2.5859999999999985
2014-04-20 14:34:00,89.916,89.46483333333333,1.823867112052944,-2.084000000000003
2014-04-20 14:39:00,87.626,89.51350000000001,1.7600146951877493,-2.289999999999992
2014-04-20 14:44:00,87.03200000000002,89.31150000000001,1.900695016423898,-0.5939999999999799
2014-04-20 14:49:00,86.852,89.30616666666667,1.9081031910991826,-0.18000000000002103
2014-04-20 14:54:00,87.198,89.20816666666667,1.9888237653701428,0.3459999999999894
2014-04-20 14:59:00,86.792,89.09033333333333,2.092769514884129,-0.4059999999999917
2014-04-20 15:04:00,89.792,89.24316666666665,2.0693957762574033,3.0
2014-04-20 15:09:00,90.124,89.1975,2.0408479743845596,0.33199999999999363
2014-04-20 15:14:00,91.792,89.2115,2.0594977543090702,1.6680000000000064
2014-04-20 15:19:00,92.25,89.23233333333333,2.091288916753837,0.4579999999999984
2014-04-20 15:24:00,85.916,88.94083333333333,2.2973063211808435,-6.334000000000003
2014-04-20 15:29:00,88.126,88.61800000000001,2.0912931188848356,2.210000000000008
2014-04-20 15:34:00,87.916,88.45133333333332,2.0578727468987026,-0.21000000000000796
2014-04-20 15:39:00,86.334,88.34366666666666,2.1372467987558323,-1.5819999999999936
2014-04-20 15:44:00,87.792,88.407,2.1058748128217175,1.4579999999999984
2014-04-20 15:49:00,89.084,88.593,2.0539750374699355,1.2920000000000016
2014-04-20 15:54:00,87.824,88.64516666666667,2.0230406383082347,-1.2600000000000051
2014-04-20 15:59:00,88.75,88.80833333333334,1.9371232341404057,0.9260000000000019
2014-04-20 16:04:00,87.458,88.61383333333333,1.9465294913281503,-1.2920000000000016
2014-04-20 16:09:00,90.042,88.60699999999999,1.9408818052169872,2.584000000000003
2014-04-20 16:14:00,89.214,88.39216666666668,1.68165577676269,-0.828000000000003
2014-04-20 16:19:00,90.75,88.26716666666668,1.4011887053080918,1.5360000000000014
2014-04-20 16:24:00,89.458,88.56233333333334,1.2225623860903598,-1.2920000000000016
2014-04-20 16:29:00,89.0,88.63516666666668,1.2202367753362262,-0.4579999999999984
2014-04-20 16:34:00,87.126,88.56933333333335,1.2822966139176886,-1.8739999999999952
2014-04-20 16:39:00,90.43,88.91066666666667,1.1737428348784082,3.304000000000002
2014-04-20 16:44:00,87.458,88.88283333333334,1.2061932479993878,-2.9720000000000084
2014-04-20 16:49:00,87.334,88.73700000000001,1.283005420524431,-0.12399999999999523
2014-04-20 16:54:00,85.834,88.57116666666667,1.518700511104281,-1.5
2014-04-20 16:59:00,90.916,88.75166666666667,1.6636832813399975,5.081999999999994
2014-04-20 17:04:00,88.25,88.81766666666665,1.6229066703326538,-2.665999999999997
2014-04-20 17:09:00,95.416,89.26549999999999,2.497352070421894,7.165999999999997
2014-04-20 17:14:00,93.97,89.66183333333333,2.842040682753925,-1.445999999999998
2014-04-20 17:19:00,88.5,89.47433333333333,2.8379413580127593,-5.469999999999999
2014-04-20 17:24:00,87.846,89.34000000000002,2.876672319950221,-0.6539999999999964
2014-04-20 17:29:00,86.21799999999998,89.10816666666666,3.0153245516062306,-1.6280000000000285
2014-04-20 17:34:00,89.66,89.31933333333332,2.9519553252765207,3.4420000000000215
2014-04-20 17:39:00,87.244,89.05383333333333,2.986058327182758,-2.415999999999997
2014-04-20 17:44:00,88.868,89.17133333333334,2.94501370064281,1.6239999999999952
2014-04-20 17:49:00,87.564,89.1905,2.932691611968987,-1.304000000000002
2014-04-20 17:54:00,87.006,89.28816666666667,2.82841047019045,-0.5579999999999927
2014-04-20 17:59:00,93.902,89.53699999999999,3.1026903868043014,6.896000000000001
2014-04-20 18:04:00,87.944,89.5115,3.1154605817387298,-5.957999999999998
2014-04-20 18:09:00,94.986,89.47566666666667,3.0430048347392784,7.042000000000002
2014-04-20 18:14:00,93.072,89.40083333333332,2.931429121942725,-1.9140000000000015
2014-04-20 18:19:00,91.364,89.6395,2.9677819235009095,-1.7079999999999984
2014-04-20 18:24:00,87.792,89.63499999999999,2.9707880191204605,-3.5720000000000027
2014-04-20 18:29:00,92.458,90.15500000000002,2.86245342955442,4.665999999999997
2014-04-20 18:34:00,86.75399999999998,89.91283333333332,3.0263700979393113,-5.704000000000022
2014-04-20 18:39:00,88.0,89.97583333333334,2.9731634157869506,1.2460000000000235
2014-04-20 18:44:00,87.49600000000002,89.86149999999999,3.0451469736144605,-0.5039999999999765
2014-04-20 18:49:00,87.294,89.839,3.0646013532839254,-0.2020000000000266
2014-04-20 18:54:00,88.354,89.95133333333332,2.974704059638279,1.0600000000000023
2014-04-20 18:59:00,87.876,89.44916666666667,2.7470759936987,-0.47799999999999443
2014-04-20 19:04:00,86.876,89.36016666666667,2.8166921228909083,-1.0
2014-04-20 19:09:00,92.374,89.1425,2.4146512076384066,5.4979999999999905
2014-04-20 19:14:00,92.042,89.05666666666667,2.276633612609802,-0.33199999999999363
2014-04-20 19:19:00,91.5,89.068,2.289466313358672,-0.5420000000000016
2014-04-20 19:24:00,87.834,89.0715,2.2873694498274975,-3.665999999999997
2014-04-20 19:29:00,88.084,88.707,2.0330250635678473,0.25
2014-04-20 19:34:00,90.75,89.04,2.0111975627391194,2.665999999999997
2014-04-20 19:39:00,87.916,89.033,2.015288384507639,-2.834000000000003
2014-04-20 19:44:00,87.626,89.04383333333334,2.006605719905049,-0.28999999999999204
2014-04-20 19:49:00,87.36,89.04933333333334,2.0014573478232456,-0.26600000000000534
2014-04-20 19:54:00,89.22,89.12150000000001,1.989684511310675,1.8599999999999994
2014-04-20 19:59:00,88.96,89.21183333333333,1.9522523045472906,-0.2600000000000051
2014-04-20 20:04:00,88.166,89.31933333333335,1.8444795931918356,-0.7939999999999969
2014-04-20 20:09:00,88.958,89.03466666666667,1.5739442830242616,0.7920000000000016
2014-04-20 20:14:00,95.5,89.32283333333334,2.3161548791578195,6.542000000000002
2014-04-20 20:19:00,91.792,89.34716666666667,2.3424915186944992,-3.7079999999999984
2014-04-20 20:24:00,88.584,89.40966666666667,2.3082028953419047,-3.2079999999999984
2014-04-20 20:29:00,87.83,89.38850000000001,2.322584473462221,-0.7540000000000049
2014-04-20 20:34:00,88.25,89.18016666666666,2.3013840038849414,0.4200000000000017
2014-04-20 20:39:00,88.958,89.267,2.2687764423712387,0.7079999999999984
2014-04-20 20:44:00,86.874,89.20433333333334,2.327840487090446,-2.084000000000003
2014-04-20 20:49:00,87.208,89.19166666666666,2.339174498265891,0.3340000000000032
2014-04-20 20:54:00,89.126,89.18383333333334,2.3392283822334607,1.9180000000000064
2014-04-20 20:59:00,87.792,89.0865,2.373438185035786,-1.3340000000000032
2014-04-20 21:04:00,86.5,88.94766666666668,2.478574785981071,-1.2920000000000016
2014-04-20 21:09:00,88.084,88.87483333333334,2.4910534402995816,1.5840000000000032
2014-04-20 21:14:00,93.132,88.6775,1.9545324714167127,5.048000000000002
2014-04-20 21:19:00,93.588,88.82716666666666,2.2596513742915,0.45599999999998886
2014-04-20 21:24:00,92.916,89.18816666666667,2.5452601879270706,-0.671999999999997
2014-04-20 21:29:00,90.056,89.37366666666668,2.5182504508760553,-2.8599999999999994
2014-04-20 21:34:00,87.014,89.27066666666667,2.592568587095046,-3.0420000000000016
2014-04-20 21:39:00,88.166,89.20466666666665,2.6112655703302186,1.152000000000001
2014-04-20 21:44:00,88.43,89.33433333333333,2.522122602937166,0.26400000000001
2014-04-20 21:49:00,87.334,89.34483333333333,2.5127103017678296,-1.0960000000000036
2014-04-20 21:54:00,88.542,89.29616666666668,2.522968591789369,1.2079999999999984
2014-04-20 21:59:00,88.834,89.383,2.4841255274981076,0.2920000000000016
2014-04-20 22:04:00,89.124,89.60166666666667,2.3171551261821026,0.28999999999999204
2014-04-20 22:09:00,93.354,90.04083333333334,2.495879725881181,4.230000000000004
2014-04-20 22:14:00,92.792,90.01249999999999,2.459259774071814,-0.5619999999999976
2014-04-20 22:19:00,89.208,89.6475,2.1907214461335727,-3.584000000000003
2014-04-20 22:24:00,88.25,89.25866666666667,1.959765353920809,-0.9579999999999984
2014-04-20 22:29:00,87.958,89.08383333333335,1.9756857420954528,-0.2920000000000016
2014-04-20 22:34:00,87.834,89.15216666666667,1.910699911424936,-0.12399999999999523
2014-04-20 22:39:00,89.044,89.22533333333335,1.8861565216721892,1.2099999999999937
2014-04-20 22:44:00,87.11399999999998,89.11566666666666,1.972868301062554,-1.930000000000021
2014-04-20 22:49:00,87.208,89.10516666666666,1.9835192706333387,0.09400000000002251
2014-04-20 22:54:00,89.042,89.14683333333333,1.9758504651441051,1.8340000000000032
2014-04-20 22:59:00,87.584,89.04266666666666,2.026151988077891,-1.4579999999999984
2014-04-20 23:04:00,86.75,88.84483333333333,2.1306904486299496,-0.8340000000000032
2014-04-20 23:09:00,89.958,88.56183333333333,1.6482428016944102,3.2079999999999984
2014-04-20 23:14:00,94.442,88.69933333333334,2.052469082187946,4.483999999999995
2014-04-20 23:19:00,93.084,89.02233333333334,2.413099377577456,-1.3579999999999899
2014-04-20 23:24:00,92.75,89.39733333333334,2.6227160569065826,-0.3340000000000032
2014-04-20 23:29:00,89.116,89.49383333333333,2.585989447821959,-3.6340000000000003
2014-04-20 23:34:00,87.42,89.45933333333333,2.612769527927158,-1.695999999999998
2014-04-20 23:39:00,87.25,89.30983333333334,2.688910892514457,-0.1700000000000017
2014-04-20 23:44:00,87.74,89.36200000000001,2.648201722611111,0.4899999999999949
2014-04-20 23:49:00,87.46600000000002,89.38350000000001,2.6301097280954395,-0.2739999999999725
2014-04-20 23:54:00,89.37799999999999,89.4115,2.627931246506978,1.9119999999999635
2014-04-20 23:59:00,88.126,89.45666666666666,2.5981553362952017,-1.2519999999999811
2014-04-21 00:04:00,88.208,89.57816666666668,2.491996272919864,0.08199999999999363
2014-04-21 00:09:00,94.124,89.92533333333334,2.818518802922606,5.915999999999997
2014-04-21 00:14:00,93.006,89.80566666666668,2.633748083948239,-1.117999999999995
2014-04-21 00:19:00,91.666,89.6875,2.501794428733189,-1.3400000000000034
2014-04-21 00:24:00,87.916,89.28466666666667,2.3483212314469886,-3.75
2014-04-21 00:29:00,87.458,89.1465,2.40718471927922,-0.4579999999999984
2014-04-21 00:34:00,87.584,89.16016666666667,2.396935233825816,0.12600000000000477
2014-04-21 00:39:00,88.412,89.257,2.335434162479607,0.828000000000003
2014-04-21 00:44:00,85.62,89.08033333333333,2.5324929626880914,-2.7920000000000016
2014-04-21 00:49:00,88.396,89.15783333333333,2.4925140952772202,2.7759999999999962
2014-04-21 00:54:00,84.584,88.75833333333333,2.8170772517679317,-3.8119999999999976
2014-04-21 00:59:00,90.042,88.918,2.832236507844596,5.457999999999998
2014-04-21 01:04:00,89.17399999999998,88.99849999999999,2.823937821232247,-0.8680000000000234
2014-04-21 01:09:00,91.572,88.78583333333334,2.4777243897413768,2.3980000000000246
2014-04-21 01:14:00,91.334,88.6465,2.2559150733540374,-0.23799999999999955
2014-04-21 01:19:00,94.638,88.89416666666666,2.7307226427301767,3.304000000000002
2014-04-21 01:24:00,87.398,88.851,2.7516053496103203,-7.240000000000009
2014-04-21 01:29:00,87.74600000000002,88.875,2.739580525290246,0.3480000000000274
2014-04-21 01:34:00,91.334,89.1875,2.7923017712672626,3.5879999999999797
2014-04-21 01:39:00,87.834,89.13933333333334,2.811812140800951,-3.5
2014-04-21 01:44:00,87.958,89.33416666666666,2.6202616744188645,0.12399999999999523
2014-04-21 01:49:00,87.75399999999998,89.28066666666666,2.6475701839218533,-0.20400000000002194
2014-04-21 01:54:00,89.042,89.65216666666667,2.2042942318597496,1.2880000000000251
2014-04-21 01:59:00,88.124,89.49233333333332,2.2426608925096074,-0.9180000000000064
2014-04-21 02:04:00,88.626,89.44666666666667,2.2552762109956506,0.5020000000000095
2014-04-21 02:09:00,90.834,89.38516666666668,2.201471484478918,2.2079999999999984
2014-04-21 02:14:00,92.208,89.45800000000001,2.284692619071649,1.3739999999999952
2014-04-21 02:19:00,91.916,89.23116666666668,1.8093179947330205,-0.2920000000000016
2014-04-21 02:24:00,88.876,89.35433333333333,1.721351231042103,-3.039999999999992
2014-04-21 02:29:00,88.708,89.4345,1.66098111751199,-0.16800000000000637
2014-04-21 02:34:00,91.916,89.483,1.7286083735464808,3.2079999999999984
2014-04-21 02:39:00,88.87799999999999,89.57,1.663100937188368,-3.038000000000011
2014-04-21 02:44:00,87.54,89.53516666666667,1.7038125074696928,-1.3379999999999797
2014-04-21 02:49:00,87.084,89.47933333333333,1.7768972617436205,-0.45600000000000307
2014-04-21 02:54:00,88.334,89.42033333333335,1.8042817424295765,1.25
2014-04-21 02:59:00,88.0,89.41000000000001,1.812716294305446,-0.3340000000000032
2014-04-21 03:04:00,88.166,89.37166666666667,1.8355229788985796,0.16599999999999682
2014-04-21 03:09:00,90.548,89.34783333333333,1.8165680846213053,2.382000000000005
2014-04-21 03:14:00,92.792,89.3965,1.9057908165293869,2.2439999999999998
2014-04-21 03:19:00,94.376,89.6015,2.294175728389475,1.5840000000000032
2014-04-21 03:24:00,90.124,89.70549999999999,2.286572047252574,-4.2520000000000095
2014-04-21 03:29:00,88.042,89.64999999999999,2.3208108300968893,-2.0819999999999936
2014-04-21 03:34:00,86.834,89.2265,2.333367932644794,-1.2079999999999984
2014-04-21 03:39:00,86.75,89.04916666666666,2.4406575057984274,-0.08400000000000318
2014-04-21 03:44:00,86.69200000000002,88.97850000000001,2.4998840882228106,-0.05799999999997851
2014-04-21 03:49:00,87.25,88.99233333333332,2.4888827480091282,0.5579999999999785
2014-04-21 03:54:00,87.792,88.94716666666666,2.50676951957027,0.5420000000000016
2014-04-21 03:59:00,87.416,88.89850000000001,2.5323677924756063,-0.3760000000000048
2014-04-21 04:04:00,90.842,89.12150000000001,2.5793875418232957,3.426000000000002
2014-04-21 04:09:00,87.95,88.90500000000002,2.5577099842711837,-2.891999999999996
2014-04-21 04:14:00,91.906,88.83116666666666,2.4456361817198964,3.956000000000003
2014-04-21 04:19:00,91.5,88.5915,1.9418995620513022,-0.4060000000000059
2014-04-21 04:24:00,91.834,88.734,2.1192255875468344,0.3340000000000032
2014-04-21 04:29:00,89.708,88.87283333333335,2.1243352685810852,-2.1260000000000048
2014-04-21 04:34:00,90.368,89.16733333333333,2.0599806412751525,0.6599999999999966
2014-04-21 04:39:00,92.654,89.65933333333334,2.1338675656851236,2.2860000000000014
2014-04-21 04:44:00,87.292,89.70933333333333,2.0638996334545623,-5.361999999999995
2014-04-21 04:49:00,87.126,89.699,2.077597126053556,-0.16599999999999682
2014-04-21 04:54:00,85.196,89.48266666666666,2.4037710272651416,-1.9300000000000068
2014-04-21 04:59:00,90.968,89.77866666666667,2.344102438552638,5.772000000000006
2014-04-21 05:04:00,86.876,89.44816666666668,2.457400912026445,-4.091999999999999
2014-04-21 05:09:00,90.042,89.6225,2.415300489493932,3.165999999999997
2014-04-21 05:14:00,90.874,89.5365,2.3439199683833025,0.8319999999999936
2014-04-21 05:19:00,92.396,89.61116666666668,2.425022505363469,1.5220000000000056
2014-04-21 05:24:00,94.212,89.80933333333333,2.7042645558234426,1.8160000000000025
2014-04-21 05:29:00,89.82799999999996,89.81933333333332,2.704077639194565,-4.384000000000043
2014-04-21 05:34:00,88.166,89.63583333333332,2.7379621430863246,-1.6619999999999635
2014-04-21 05:39:00,87.834,89.23416666666667,2.6052751323335595,-0.33199999999999363
2014-04-21 05:44:00,87.626,89.262,2.5843398312993777,-0.2079999999999984
2014-04-21 05:49:00,87.958,89.33133333333332,2.53246503460942,0.33199999999999363
2014-04-21 05:54:00,89.704,89.707,2.1719610744889244,1.7459999999999951
2014-04-21 05:59:00,88.84200000000001,89.52983333333333,2.146307858683506,-0.8619999999999806
2014-04-21 06:04:00,88.962,89.70366666666666,1.990659978881206,0.11999999999999034
2014-04-21 06:09:00,91.5,89.82516666666668,2.056590197980246,2.5379999999999967
2014-04-21 06:14:00,89.626,89.72116666666666,2.030114633277293,-1.8739999999999952
2014-04-21 06:19:00,91.792,89.67083333333333,1.9641846716249958,2.165999999999997
2014-04-21 06:24:00,93.376,89.60116666666666,1.796108411050565,1.5840000000000032
2014-04-21 06:29:00,90.458,89.65366666666667,1.8124743174785454,-2.9180000000000064
2014-04-21 06:34:00,90.322,89.83333333333333,1.757628843504605,-0.13599999999999568
2014-04-21 06:39:00,89.804,89.9975,1.642115293262881,-0.5180000000000007
2014-04-21 06:44:00,87.374,89.9765,1.676452341866496,-2.430000000000007
2014-04-21 06:49:00,87.876,89.96966666666667,1.6855701670007657,0.5020000000000095
2014-04-21 06:54:00,89.712,89.97033333333333,1.6854571181059157,1.8359999999999985
2014-04-21 06:59:00,88.916,89.9765,1.6810832276202217,-0.7960000000000065
2014-04-21 07:04:00,87.958,89.89283333333333,1.759327858915363,-0.9579999999999984
2014-04-21 07:09:00,89.626,89.73666666666668,1.6853146096018756,1.6680000000000064
2014-04-21 07:14:00,91.376,89.88250000000001,1.7493660410156435,1.75
2014-04-21 07:19:00,88.0,89.5665,1.7152376193732646,-3.3760000000000048
2014-04-21 07:24:00,88.588,89.1675,1.2393987178556856,0.5879999999999939
2014-04-21 07:29:00,91.586,89.2615,1.3808732744188168,2.9980000000000047
2014-04-21 07:34:00,89.708,89.21033333333332,1.3490133319211892,-1.8780000000000001
2014-04-21 07:39:00,87.876,89.04966666666667,1.3861800573948808,-1.8319999999999936
2014-04-21 07:44:00,87.25,89.03933333333333,1.4001982543623142,-0.6260000000000048
2014-04-21 07:49:00,88.91,89.1255,1.3531240956342285,1.6599999999999966
2014-04-21 07:54:00,86.86,88.88783333333333,1.4848041091094626,-2.049999999999997
2014-04-21 07:59:00,91.904,89.13683333333334,1.7216147723130621,5.043999999999997
2014-04-21 08:04:00,88.62200000000001,89.19216666666667,1.6906748428502043,-3.2819999999999823
2014-04-21 08:09:00,91.25,89.3275,1.7906037833912518,2.627999999999986
2014-04-21 08:14:00,92.27,89.402,1.898904756097955,1.019999999999996
2014-04-21 08:19:00,94.666,89.9575,2.3684548280960525,2.396000000000001
2014-04-21 08:24:00,91.124,90.16883333333332,2.3482026330929915,-3.5420000000000016
2014-04-21 08:29:00,89.124,89.96366666666665,2.3205173143212785,-2.0
2014-04-21 08:34:00,88.542,89.86649999999999,2.3563315286121127,-0.5819999999999936
2014-04-21 08:39:00,86.88799999999998,89.78416666666665,2.4476947905903255,-1.6540000000000248
2014-04-21 08:44:00,86.584,89.72866666666665,2.516950006125976,-0.3039999999999736
2014-04-21 08:49:00,89.334,89.76400000000001,2.507370516915107,2.75
2014-04-21 08:54:00,90.05,90.02983333333333,2.334650989426148,0.715999999999994
2014-04-21 08:59:00,88.73,89.76533333333333,2.282225601682253,-1.3199999999999932
2014-04-21 09:04:00,87.334,89.658,2.3695035153160506,-1.3960000000000008
2014-04-21 09:09:00,92.208,89.73783333333331,2.443015492577548,4.873999999999995
2014-04-21 09:14:00,94.416,89.91666666666667,2.7092630777107405,2.2079999999999984
2014-04-21 09:19:00,89.0,89.4445,2.2633439661472337,-5.415999999999997
2014-04-21 09:24:00,88.126,89.19466666666666,2.226262801335505,-0.8739999999999952
2014-04-21 09:29:00,87.458,89.05583333333334,2.282311979046926,-0.6680000000000064
2014-04-21 09:34:00,87.11200000000002,88.93666666666667,2.3479678383021074,-0.3459999999999752
2014-04-21 09:39:00,88.876,89.10233333333333,2.258716100851663,1.7639999999999816
2014-04-21 09:44:00,87.25,89.15783333333333,2.1985936758572007,-1.6260000000000048
2014-04-21 09:49:00,87.666,89.01883333333335,2.238803163760653,0.4159999999999968
2014-04-21 09:54:00,88.686,88.90516666666667,2.216202067967785,1.0200000000000102
2014-04-21 09:59:00,84.89200000000002,88.58533333333334,2.502260263091436,-3.7939999999999827
2014-04-21 10:04:00,89.634,88.777,2.4857302567042443,4.741999999999976
2014-04-21 10:09:00,95.666,89.06516666666668,3.054913831052459,6.0319999999999965
2014-04-21 10:14:00,93.25,88.96800000000002,2.8829530314977836,-2.415999999999997
2014-04-21 10:19:00,93.916,89.37766666666668,3.2177541386771398,0.6659999999999968
2014-04-21 10:24:00,94.558,89.91366666666666,3.5125099892024085,0.6420000000000101
2014-04-21 10:29:00,90.86,90.19716666666666,3.4326741717939533,-3.6980000000000075
2014-04-21 10:34:00,94.568,90.81849999999999,3.4976490935802365,3.7079999999999984
2014-04-21 10:39:00,96.34,91.4405,3.7735935248664076,1.7720000000000056
2014-04-21 10:44:00,93.584,91.96833333333332,3.5717463855135243,-2.7560000000000002
2014-04-21 10:49:00,91.876,92.31916666666667,3.307739404744835,-1.7079999999999984
2014-04-21 10:54:00,93.584,92.72733333333333,3.115259257658833,1.7079999999999984
2014-04-21 10:59:00,92.576,93.36766666666666,1.9179386345932874,-1.0080000000000098
2014-04-21 11:04:00,92.022,93.56666666666666,1.591417740333258,-0.5539999999999878
2014-04-21 11:09:00,92.458,93.29933333333334,1.4716425784791725,0.43599999999999284
2014-04-21 11:14:00,91.428,93.1475,1.5680290175902116,-1.0300000000000011
2014-04-21 11:19:00,91.208,92.92183333333332,1.6405605379847354,-0.21999999999999886
2014-04-21 11:24:00,91.334,92.65316666666666,1.6119953661877873,0.12600000000000477
2014-04-21 11:29:00,90.874,92.65433333333333,1.610584046146555,-0.46000000000000796
2014-04-21 11:34:00,94.128,92.61766666666666,1.5674887462759668,3.254000000000005
2014-04-21 11:39:00,93.334,92.36716666666666,1.0842507118122615,-0.7939999999999969
2014-04-21 11:44:00,93.792,92.3845,1.1068980818671406,0.4579999999999984
2014-04-21 11:49:00,91.952,92.39083333333333,1.103937566857811,-1.8400000000000034
2014-04-21 11:54:00,94.208,92.44283333333333,1.1774957890957125,2.2560000000000002
2014-04-21 11:59:00,94.126,92.572,1.2744541790705073,-0.08199999999999363
2014-04-21 12:04:00,92.916,92.6465,1.2654787451989442,-1.210000000000008
2014-04-21 12:09:00,94.166,92.78883333333334,1.3364145949898314,1.25
2014-04-21 12:14:00,93.292,92.94416666666666,1.2705693665268383,-0.8739999999999952
2014-04-21 12:19:00,93.624,93.14549999999998,1.1567701508178347,0.33199999999999363
2014-04-21 12:24:00,93.75,93.34683333333332,1.0142957999035316,0.12600000000000477
2014-04-21 12:29:00,92.666,93.49616666666668,0.7005049910095196,-1.0840000000000032
2014-04-21 12:34:00,91.75,93.298,0.8299191636459421,-0.9159999999999968
2014-04-21 12:39:00,93.048,93.27416666666669,0.83289264105292,1.2980000000000018
2014-04-21 12:44:00,93.374,93.23933333333332,0.8178723320421721,0.3259999999999934
2014-04-21 12:49:00,94.0,93.41000000000001,0.7342236468824401,0.6260000000000048
2014-04-21 12:54:00,94.542,93.43783333333333,0.7725548916491656,0.5420000000000016
2014-04-21 12:59:00,92.0,93.26066666666667,0.8411240675278828,-2.5420000000000016
2014-04-21 13:04:00,94.0,93.351,0.8587667690597587,2.0
2014-04-21 13:09:00,94.916,93.4135,0.9463042466763602,0.9159999999999968
2014-04-21 13:14:00,92.9,93.38083333333334,0.9575785591661266,-2.015999999999991
2014-04-21 13:19:00,94.124,93.42250000000001,0.9797428697949668,1.2239999999999895
2014-04-21 13:24:00,92.606,93.32716666666668,1.0004186245004585,-1.5180000000000007
2014-04-21 13:29:00,92.958,93.35149999999999,0.9863269327088199,0.35200000000000387
2014-04-21 13:34:00,94.042,93.5425,0.8621044547583016,1.0840000000000032
2014-04-21 13:39:00,93.334,93.56633333333332,0.8510736890818841,-0.7079999999999984
2014-04-21 13:44:00,92.124,93.46216666666668,0.9477588716508418,-1.210000000000008
2014-04-21 13:49:00,92.5,93.33716666666665,0.9690536933581267,0.3760000000000048
2014-04-21 13:54:00,94.25,93.31283333333333,0.9392575243109079,1.75
2014-04-21 13:59:00,90.208,93.1635,1.2560075636734527,-4.042000000000002
2014-04-21 14:04:00,92.448,93.03416666666665,1.2418676428787139,2.239999999999995
2014-04-21 14:09:00,91.936,92.78583333333334,1.1236801415931887,-0.5119999999999862
2014-04-21 14:14:00,92.124,92.72116666666666,1.1387407585382756,0.18799999999998818
2014-04-21 14:19:00,91.0,92.46083333333333,1.1459504854731992,-1.1239999999999952
2014-04-21 14:24:00,90.834,92.31316666666667,1.236162524866166,-0.16599999999999682
2014-04-21 14:29:00,90.834,92.13616666666667,1.2864769250913666,0.0
2014-04-21 14:34:00,91.5,91.92433333333334,1.145714491910745,0.6659999999999968
2014-04-21 14:39:00,88.166,91.49366666666667,1.4878753206171047,-3.334000000000003
2014-04-21 14:44:00,91.876,91.473,1.4800256754544758,3.710000000000008
2014-04-21 14:49:00,91.416,91.38266666666665,1.4442939346619932,-0.46000000000000796
2014-04-21 14:54:00,92.708,91.25416666666666,1.2166494851440925,1.2920000000000016
2014-04-21 14:59:00,92.584,91.45216666666666,1.2242303581031817,-0.12399999999999523
2014-04-21 15:04:00,92.916,91.49116666666667,1.265594063409678,0.33199999999999363
2014-04-21 15:09:00,95.0,91.74649999999998,1.622307699769633,2.084000000000003
2014-04-21 15:14:00,93.584,91.86816666666668,1.705791516268709,-1.4159999999999968
2014-04-21 15:19:00,94.084,92.12516666666666,1.793183752352684,0.5
2014-04-21 15:24:00,92.458,92.2605,1.7475820438550869,-1.6260000000000048
2014-04-21 15:29:00,91.76,92.33766666666668,1.69862550494962,-0.6979999999999933
2014-04-21 15:34:00,92.5,92.421,1.6782010931636524,0.7399999999999949
2014-04-21 15:39:00,91.176,92.67183333333332,1.114774321503514,-1.323999999999998
2014-04-21 15:44:00,93.334,92.79333333333334,1.0995001619215303,2.1580000000000013
2014-04-21 15:49:00,91.166,92.7725,1.129918138629901,-2.1680000000000064
2014-04-21 15:54:00,92.75,92.776,1.1297652209863411,1.5840000000000032
2014-04-21 15:59:00,89.584,92.52600000000001,1.4598276361535032,-3.165999999999997
2014-04-21 16:04:00,91.0,92.36633333333333,1.5169562427535603,1.4159999999999968
2014-04-21 16:09:00,95.642,92.41983333333333,1.6257072213968102,4.641999999999996
2014-04-21 16:14:00,90.416,92.15583333333335,1.6759224235332812,-5.225999999999999
2014-04-21 16:19:00,92.084,91.98916666666666,1.562337283650185,1.6680000000000064
2014-04-21 16:24:00,93.084,92.04133333333334,1.5896275912277515,1.0
2014-04-21 16:29:00,90.334,91.9225,1.6641256781661375,-2.75
2014-04-21 16:34:00,88.056,91.55216666666666,1.9870721189894316,-2.278000000000006
2014-04-21 16:39:00,93.834,91.77366666666667,2.0869622697011354,5.778000000000006
2014-04-21 16:44:00,92.376,91.69383333333333,2.0396348083712756,-1.4579999999999984
2014-04-21 16:49:00,92.916,91.83966666666667,2.0609152129954604,0.539999999999992
2014-04-21 16:54:00,91.106,91.70266666666667,2.0495103332418667,-1.8100000000000023
2014-04-21 16:59:00,92.458,91.94216666666667,1.9446634592395675,1.3520000000000039
2014-04-21 17:04:00,92.958,92.10533333333335,1.94056305481209,0.5
2014-04-21 17:09:00,93.834,91.95466666666665,1.6957569151137648,0.8760000000000048
2014-04-21 17:14:00,93.084,92.177,1.6499647379166358,-0.75
2014-04-21 17:19:00,91.916,92.163,1.651537575606755,-1.1680000000000064
2014-04-21 17:24:00,92.208,92.08999999999999,1.6262946171659192,0.2920000000000016
2014-04-21 17:29:00,93.666,92.36766666666666,1.5830991086737092,1.4579999999999984
2014-04-21 17:34:00,93.416,92.81433333333332,0.8357158426772465,-0.25
2014-04-21 17:39:00,93.75,92.80733333333335,0.826701807662622,0.3340000000000032
2014-04-21 17:44:00,93.328,92.88666666666667,0.8272250802158454,-0.42199999999999704
2014-04-21 17:49:00,92.126,92.82083333333333,0.8556262813507447,-1.2019999999999982
2014-04-21 17:54:00,93.584,93.02733333333333,0.6864349712112293,1.4579999999999984
2014-04-21 17:59:00,91.05,92.91000000000001,0.8843911105209152,-2.534000000000006
2014-04-21 18:04:00,92.166,92.844,0.909674467251012,1.1159999999999997
2014-04-21 18:09:00,94.666,92.91333333333334,1.017326383075633,2.5
2014-04-21 18:14:00,92.416,92.85766666666666,1.025382884882928,-2.25
2014-04-21 18:19:00,92.25,92.8855,1.0017592252928458,-0.16599999999999682
2014-04-21 18:24:00,88.666,92.59033333333333,1.5764871958860431,-3.584000000000003
2014-04-21 18:29:00,89.124,92.21183333333335,1.8210309684032084,0.4579999999999984
2014-04-21 18:34:00,90.584,91.97583333333334,1.8342490082448315,1.460000000000008
2014-04-21 18:39:00,93.624,91.96533333333333,1.823498801423407,3.039999999999992
2014-04-21 18:44:00,91.25,91.79216666666667,1.7804909350237295,-2.3739999999999952
2014-04-21 18:49:00,93.624,91.91700000000002,1.856898587333482,2.3739999999999952
2014-04-21 18:54:00,95.578,92.08316666666667,2.093745918133742,1.9540000000000077
2014-04-21 18:59:00,92.958,92.24216666666666,2.0805597950097026,-2.6200000000000045
2014-04-21 19:04:00,92.792,92.29433333333333,2.08631642912311,-0.16599999999999682
2014-04-21 19:09:00,94.542,92.284,2.0737712681807596,1.75
2014-04-21 19:14:00,91.584,92.21466666666667,2.0828453149634902,-2.9579999999999984
2014-04-21 19:19:00,92.792,92.25983333333333,2.0895470511076413,1.2079999999999984
2014-04-21 19:24:00,94.124,92.71466666666667,1.811711262032261,1.3319999999999936
2014-04-21 19:29:00,87.958,92.6175,2.038826957748297,-6.165999999999997
2014-04-21 19:34:00,92.0,92.7355,1.9494536530677973,4.042000000000002
2014-04-21 19:39:00,94.5,92.8085,2.001457309972214,2.5
2014-04-21 19:44:00,93.334,92.98216666666667,1.9435078797866385,-1.1659999999999968
2014-04-21 19:49:00,92.208,92.86416666666668,1.9439825024165793,-1.1260000000000048
2014-04-21 19:54:00,92.222,92.5845,1.749770712253281,0.013999999999995794
2014-04-21 19:59:00,93.208,92.60533333333332,1.7560988444617698,0.9860000000000042
2014-04-21 20:04:00,94.958,92.78583333333334,1.8837088094481906,1.75
2014-04-21 20:09:00,93.78,92.72233333333334,1.831239189647764,-1.1779999999999973
2014-04-21 20:14:00,92.916,92.83333333333333,1.7959970304369055,-0.8640000000000043
2014-04-21 20:19:00,93.1,92.859,1.7975527808676033,0.1839999999999975
2014-04-21 20:24:00,94.584,92.89733333333334,1.8315647226724467,1.4840000000000089
2014-04-21 20:29:00,91.916,93.22716666666666,1.0514683960460773,-2.6680000000000064
2014-04-21 20:34:00,93.0,93.31049999999999,0.9827501763397685,1.0840000000000032
2014-04-21 20:39:00,92.708,93.16116666666666,0.9196969692004129,-0.2920000000000016
2014-04-21 20:44:00,91.4,93.0,1.0472651830559645,-1.3079999999999927
2014-04-21 20:49:00,91.702,92.95783333333333,1.0913132900201332,0.3019999999999925
2014-04-21 20:54:00,93.0,93.02266666666667,1.0664511524729778,1.2980000000000018
2014-04-21 20:59:00,92.338,92.95016666666668,1.082162971541055,-0.6620000000000061
2014-04-21 21:04:00,91.876,92.69333333333333,0.9151613204397693,-0.4619999999999891
2014-04-21 21:09:00,95.084,92.802,1.112142240741357,3.2079999999999984
2014-04-21 21:14:00,93.916,92.88533333333334,1.1579814202748806,-1.1680000000000064
2014-04-21 21:19:00,88.958,92.54016666666666,1.6152206622884604,-4.957999999999998
2014-04-21 21:24:00,90.3,92.18316666666665,1.5957335066505094,1.3419999999999987
2014-04-21 21:29:00,93.416,92.30816666666668,1.6312577318999966,3.1159999999999997
2014-04-21 21:34:00,91.126,92.152,1.6486150661595735,-2.289999999999992
2014-04-21 21:39:00,92.874,92.16583333333334,1.6543908427607914,1.7479999999999905
2014-04-21 21:44:00,92.28,92.23916666666666,1.6367678701058306,-0.5939999999999941
2014-04-21 21:49:00,92.542,92.30916666666667,1.6296530491521166,0.26200000000000045
2014-04-21 21:54:00,93.416,92.34383333333334,1.6499825802584258,0.8739999999999952
2014-04-21 21:59:00,90.862,92.22083333333335,1.704569144887259,-2.554000000000002
2014-04-21 22:04:00,82.75,91.46033333333334,3.2277006545149236,-8.111999999999995
2014-04-21 22:09:00,91.124,91.13033333333333,3.0192402215054033,8.373999999999995
2014-04-21 22:14:00,90.25,90.82483333333333,2.894650421140778,-0.8739999999999952
2014-04-21 22:19:00,91.042,90.99849999999999,2.834353942741049,0.7920000000000016
2014-04-21 22:24:00,90.046,90.97733333333333,2.8409851471039156,-0.9959999999999951
2014-04-21 22:29:00,86.51,90.40183333333334,2.9972522517483213,-3.5360000000000014
2014-04-21 22:34:00,86.484,90.01499999999999,3.1887308960269705,-0.02600000000001046
2014-04-21 22:39:00,89.208,89.7095,3.0630563613377157,2.7240000000000038
2014-04-21 22:44:00,89.084,89.44316666666667,2.956318897589794,-0.12399999999999523
2014-04-21 22:49:00,87.93,89.05883333333334,2.813157327900305,-1.1539999999999964
2014-04-21 22:54:00,86.666,88.49633333333333,2.5225576967310883,-1.26400000000001
2014-04-21 22:59:00,91.084,88.51483333333334,2.542221713861356,4.418000000000006
2014-04-21 23:04:00,90.448,89.15633333333334,1.8255103064052896,-0.6360000000000099
2014-04-21 23:09:00,94.334,89.42383333333333,2.3107498127174684,3.88600000000001
2014-04-21 23:14:00,89.708,89.37866666666667,2.29839728084815,-4.626000000000005
2014-04-21 23:19:00,87.958,89.12166666666667,2.2677172877088867,-1.75
2014-04-21 23:24:00,92.458,89.32266666666668,2.456158764980793,4.5
2014-04-21 23:29:00,91.292,89.72116666666666,2.3436845053484165,-1.1659999999999968
2014-04-21 23:34:00,90.334,90.04199999999999,2.112356202745405,-0.9579999999999984
2014-04-21 23:39:00,88.166,89.95516666666667,2.170376499946356,-2.1680000000000064
2014-04-21 23:44:00,89.41,89.98233333333333,2.160498567602004,1.2439999999999998
2014-04-21 23:49:00,90.554,90.20100000000001,2.0645546294990873,1.1440000000000055
2014-04-21 23:54:00,89.83200000000002,90.46483333333333,1.7500878852403239,-0.72199999999998
2014-04-21 23:59:00,88.458,90.246,1.828070020541965,-1.3740000000000236
2014-04-22 00:04:00,87.374,89.98983333333335,2.004094982024043,-1.0840000000000032
2014-04-22 00:09:00,93.834,89.94816666666667,1.9084825877861795,6.460000000000008
2014-04-22 00:14:00,91.124,90.06616666666667,1.935862027078133,-2.710000000000008
2014-04-22 00:19:00,90.158,90.24950000000001,1.8186886634467614,-0.965999999999994
2014-04-22 00:24:00,89.17,89.9755,1.6994878640355902,-0.9879999999999995
2014-04-22 00:29:00,88.05,89.70533333333333,1.7286186462741326,-1.1200000000000045
2014-04-22 00:34:00,87.81200000000004,89.49516666666666,1.7971896158045326,-0.2379999999999569
2014-04-22 00:39:00,89.46,89.60300000000001,1.74834498364091,1.6479999999999535
2014-04-22 00:44:00,87.602,89.45233333333334,1.841890300422909,-1.8579999999999899
2014-04-22 00:49:00,87.46,89.1945,1.8895921878457516,-0.14200000000001012
2014-04-22 00:54:00,88.916,89.11816666666668,1.8799753302711923,1.456000000000003
2014-04-22 00:59:00,87.084,89.00366666666667,1.9638105506366665,-1.8319999999999936
2014-04-22 01:04:00,88.152,89.06850000000001,1.9174119157211569,1.0679999999999978
2014-04-22 01:09:00,93.696,89.057,1.8863946372052538,5.543999999999997
2014-04-22 01:14:00,85.08,88.55333333333334,2.0811537592645277,-8.616
2014-04-22 01:19:00,85.958,88.20333333333333,2.139116441785948,0.8780000000000001
2014-04-22 01:24:00,88.624,88.15783333333333,2.1224275052767587,2.665999999999997
2014-04-22 01:29:00,88.084,88.16066666666667,2.122293156570989,-0.539999999999992
2014-04-22 01:34:00,87.208,88.11033333333334,2.1384151877395827,-0.8760000000000048
2014-04-22 01:39:00,88.376,88.02,2.098745772642699,1.1680000000000064
2014-04-22 01:44:00,90.292,88.24416666666667,2.1916437099854966,1.9159999999999968
2014-04-22 01:49:00,89.792,88.43849999999999,2.2190089720831936,-0.5
2014-04-22 01:54:00,91.896,88.68683333333333,2.433670547411317,2.103999999999999
2014-04-22 01:59:00,90.5,88.97149999999999,2.428923311788477,-1.3960000000000008
2014-04-22 02:04:00,87.292,88.89983333333333,2.4676794337763592,-3.2079999999999984
2014-04-22 02:09:00,92.05,88.76266666666668,2.2090396652002946,4.757999999999996
2014-04-22 02:14:00,90.662,89.22783333333332,1.9336092410241101,-1.387999999999991
2014-04-22 02:19:00,89.764,89.545,1.63806482278346,-0.8980000000000103
2014-04-22 02:24:00,89.0,89.57633333333332,1.6223670324199275,-0.7639999999999958
2014-04-22 02:29:00,84.666,89.2915,2.129096628748826,-4.334000000000003
2014-04-22 02:34:00,88.5,89.39916666666666,2.0451710678996746,3.834000000000003
2014-04-22 02:39:00,86.75,89.26366666666667,2.169224047833953,-1.75
2014-04-22 02:44:00,86.458,88.94416666666667,2.283342758220761,-0.2920000000000016
2014-04-22 02:49:00,88.208,88.81216666666667,2.2756463151199804,1.75
2014-04-22 02:54:00,86.25,88.34166666666665,2.1608595652216493,-1.9579999999999984
2014-04-22 02:59:00,87.346,88.07883333333332,2.0641182944146097,1.0960000000000036
2014-04-22 03:04:00,87.584,88.10316666666667,2.0557032786131177,0.23799999999999955
2014-04-22 03:09:00,89.208,87.86633333333333,1.6910233229590748,1.6239999999999952
2014-04-22 03:14:00,84.376,87.34249999999999,1.7196462902701364,-4.831999999999994
2014-04-22 03:19:00,79.166,86.45933333333333,2.766039286296651,-5.210000000000008
2014-04-22 03:24:00,88.416,86.41066666666667,2.722062097125852,9.25
2014-04-22 03:29:00,91.954,87.01799999999999,3.0861019838217922,3.5379999999999967
2014-04-22 03:34:00,94.75,87.53883333333333,3.803067800733145,2.7960000000000065
2014-04-22 03:39:00,95.458,88.2645,4.419670997628279,0.7079999999999984
2014-04-22 03:44:00,93.958,88.8895,4.6645023996529025,-1.5
2014-04-22 03:49:00,92.708,89.2645,4.784087345280907,-1.25
2014-04-22 03:54:00,94.37,89.94116666666667,4.891985985138584,1.6620000000000061
2014-04-22 03:59:00,94.428,90.53133333333334,4.976892227327098,0.057999999999992724
2014-04-22 04:04:00,96.166,91.24650000000001,5.129142698169616,1.7379999999999995
2014-04-22 04:09:00,93.042,91.56599999999999,5.10999491193533,-3.1239999999999952
2014-04-22 04:14:00,89.042,91.95483333333334,4.671895738122147,-4.0
2014-04-22 04:19:00,89.626,92.82650000000001,2.5733649884230774,0.5840000000000032
2014-04-22 04:24:00,89.542,92.92033333333332,2.4134858732985007,-0.08400000000000318
2014-04-22 04:29:00,89.5,92.71583333333332,2.59959947381279,-0.04200000000000159
2014-04-22 04:34:00,83.166,91.75049999999999,3.695404431059739,-6.334000000000003
2014-04-22 04:39:00,94.542,91.67416666666666,3.6205618306696534,11.376000000000005
2014-04-22 04:44:00,95.208,91.77833333333335,3.709141320216632,0.6659999999999968
2014-04-22 04:49:00,93.75,91.86516666666667,3.744908442462821,-1.4579999999999984
2014-04-22 04:54:00,92.542,91.71283333333334,3.6701892404358514,-1.2079999999999984
2014-04-22 04:59:00,94.75,91.73966666666666,3.6929514024166497,2.2079999999999984
2014-04-22 05:04:00,95.0,91.6425,3.5794976920341415,0.25
2014-04-22 05:09:00,95.75,91.86816666666665,3.756723568443923,0.75
2014-04-22 05:14:00,92.238,92.1345,3.649919662877484,-3.5120000000000005
2014-04-22 05:19:00,95.0,92.58233333333334,3.643835525011878,2.7620000000000005
2014-04-22 05:24:00,96.586,93.16933333333334,3.676755025175995,1.5859999999999985
2014-04-22 05:29:00,93.376,93.49233333333335,3.4906441013700817,-3.2099999999999937
2014-04-22 05:34:00,94.416,94.42983333333335,1.268631462594454,1.039999999999992
2014-04-22 05:39:00,96.042,94.55483333333332,1.3518567590449393,1.6260000000000048
2014-04-22 05:44:00,90.916,94.19716666666666,1.6890572859311808,-5.126000000000005
2014-04-22 05:49:00,88.834,93.78749999999998,2.2948903122938398,-2.0819999999999936
2014-04-22 05:54:00,88.084,93.416,2.816416678884069,-0.75
2014-04-22 05:59:00,86.28399999999998,92.71049999999998,3.442611812405572,-1.8000000000000256
2014-04-22 06:04:00,89.916,92.28683333333333,3.448067122141483,3.632000000000019
2014-04-22 06:09:00,92.208,91.99166666666666,3.271753028392114,2.2920000000000016
2014-04-22 06:14:00,92.0,91.97183333333334,3.270845257265281,-0.2079999999999984
2014-04-22 06:19:00,92.042,91.72533333333332,3.130331069721799,0.04200000000000159
2014-04-22 06:24:00,88.682,91.06666666666666,2.831934685089137,-3.3599999999999994
2014-04-22 06:29:00,95.126,91.21249999999999,3.0016412631645646,6.444000000000003
2014-04-22 06:34:00,92.458,91.04933333333332,2.861622722523962,-2.6680000000000064
2014-04-22 06:39:00,94.084,90.88616666666667,2.5944123816512685,1.6260000000000048
2014-04-22 06:44:00,94.75,91.20566666666667,2.8243114473301327,0.6659999999999968
2014-04-22 06:49:00,93.374,91.584,2.7814861952830934,-1.3760000000000048
2014-04-22 06:54:00,95.958,92.24016666666667,2.80937617900427,2.584000000000003
2014-04-22 06:59:00,95.378,92.998,2.2217290563894725,-0.5799999999999983
2014-04-22 07:04:00,94.624,93.39033333333333,2.0359256698953097,-0.7540000000000049
2014-04-22 07:09:00,93.916,93.53266666666667,2.005225778870744,-0.7079999999999984
2014-04-22 07:14:00,95.72,93.84266666666667,2.0340822068559166,1.804000000000002
2014-04-22 07:19:00,94.014,94.007,1.9534418110341425,-1.706000000000003
2014-04-22 07:24:00,95.458,94.57166666666667,1.040055884282085,1.4440000000000026
2014-04-22 07:29:00,93.91,94.47033333333333,1.0403746994025962,-1.5480000000000018
2014-04-22 07:34:00,95.534,94.72666666666667,0.8633757565366728,1.6240000000000094
2014-04-22 07:39:00,94.208,94.73699999999998,0.8556925956132819,-1.3260000000000076
2014-04-22 07:44:00,92.64,94.56116666666667,1.0479651133474952,-1.5679999999999978
2014-04-22 07:49:00,95.458,94.73483333333333,1.0051487301402446,2.817999999999998
2014-04-22 07:54:00,91.458,94.35983333333333,1.302709193346603,-4.0
2014-04-22 07:59:00,95.876,94.40133333333334,1.3453284379905637,4.418000000000006
2014-04-22 08:04:00,94.542,94.39450000000001,1.3443024889598711,-1.3340000000000032
2014-04-22 08:09:00,92.084,94.24183333333332,1.4987389749909794,-2.4579999999999984
2014-04-22 08:14:00,93.69,94.07266666666665,1.4297024059930938,1.6059999999999945
2014-04-22 08:19:00,93.834,94.05766666666666,1.431317214911649,0.14400000000000546
2014-04-22 08:24:00,94.5,93.97783333333332,1.3715818229238665,0.6659999999999968
2014-04-22 08:29:00,92.292,93.843,1.4557995616298978,-2.2079999999999984
2014-04-22 08:34:00,95.916,93.87483333333334,1.4996534044034215,3.6239999999999952
2014-04-22 08:39:00,96.042,94.02766666666668,1.6249161843203075,0.12600000000000477
2014-04-22 08:44:00,95.584,94.27300000000001,1.6185900710764645,-0.4579999999999984
2014-04-22 08:49:00,96.5,94.35983333333333,1.713130989704026,0.9159999999999968
2014-04-22 08:54:00,94.708,94.63066666666667,1.449243397172459,-1.7920000000000016
2014-04-22 08:59:00,94.166,94.48816666666669,1.3988552354344936,-0.5420000000000016
2014-04-22 09:04:00,88.376,93.97433333333333,2.2504977765884773,-5.789999999999992
2014-04-22 09:09:00,92.624,94.01933333333335,2.2143721184103917,4.2479999999999905
2014-04-22 09:14:00,93.0,93.96183333333335,2.2325848791097913,0.3760000000000048
2014-04-22 09:19:00,94.334,94.00349999999999,2.2346470333459396,1.3340000000000032
2014-04-22 09:24:00,91.584,93.7605,2.3321663943455,-2.75
2014-04-22 09:29:00,92.584,93.78483333333334,2.316924993228704,1.0
2014-04-22 09:34:00,93.242,93.562,2.2198791121889156,0.6580000000000013
2014-04-22 09:39:00,93.834,93.378,2.0829133443341687,0.5919999999999987
2014-04-22 09:44:00,93.666,93.21816666666666,1.9687041346282328,-0.16800000000000637
2014-04-22 09:49:00,93.126,92.93700000000001,1.6766623772477327,-0.539999999999992
2014-04-22 09:54:00,94.708,92.937,1.6766623772477327,1.5819999999999936
2014-04-22 09:59:00,92.37,92.78733333333334,1.6366654199850894,-2.337999999999994
2014-04-22 10:04:00,91.542,93.05116666666667,0.9872416885041168,-0.828000000000003
2014-04-22 10:09:00,96.792,93.39850000000001,1.4486603529423874,5.25
2014-04-22 10:14:00,91.794,93.298,1.5189470036855586,-4.998000000000005
2014-04-22 10:19:00,93.584,93.2355,1.4875490824616855,1.7900000000000063
2014-04-22 10:24:00,94.61,93.48766666666666,1.4377876523807978,1.0259999999999962
2014-04-22 10:29:00,94.278,93.62883333333333,1.4240928106477821,-0.33199999999999363
2014-04-22 10:34:00,91.25,93.46283333333334,1.5807644775040608,-3.028000000000006
2014-04-22 10:39:00,93.75,93.45583333333333,1.5791566122668006,2.5
2014-04-22 10:44:00,92.916,93.39333333333333,1.5849137248307437,-0.8340000000000032
2014-04-22 10:49:00,94.542,93.51133333333333,1.615615465802024,1.6260000000000048
2014-04-22 10:54:00,90.626,93.17116666666668,1.7636976566996272,-3.915999999999997
2014-04-22 10:59:00,91.292,93.08133333333332,1.8342569133705753,0.6659999999999968
2014-04-22 11:04:00,94.958,93.366,1.8387098243570583,3.665999999999997
2014-04-22 11:09:00,97.874,93.45616666666666,2.0377442891305417,2.915999999999997
2014-04-22 11:14:00,95.914,93.79949999999998,2.0788990311757707,-1.9599999999999937
2014-04-22 11:19:00,94.472,93.87349999999999,2.086322057420212,-1.4420000000000073
2014-04-22 11:24:00,96.124,93.99966666666666,2.1786450890973073,1.652000000000001
2014-04-22 11:29:00,96.416,94.17783333333334,2.2881456499001365,0.2920000000000016
2014-04-22 11:34:00,95.888,94.56433333333332,2.1352366414889357,-0.5279999999999916
2014-04-22 11:39:00,96.666,94.80733333333332,2.199108634852822,0.7779999999999916
2014-04-22 11:44:00,96.292,95.08866666666667,2.15056395704448,-0.3739999999999952
2014-04-22 11:49:00,91.414,94.82800000000002,2.398164904483502,-4.878
2014-04-22 11:54:00,91.486,94.89966666666668,2.270636087626043,0.07200000000000273
2014-04-22 11:59:00,96.664,95.34733333333332,2.0092155562608665,5.177999999999997
2014-04-22 12:04:00,95.0,95.35083333333334,2.0085121509743407,-1.6640000000000015
2014-04-22 12:09:00,97.0,95.278,1.922712477915712,2.0
2014-04-22 12:14:00,96.624,95.33716666666668,1.9547208046797717,-0.3760000000000048
2014-04-22 12:19:00,96.166,95.47833333333334,1.9477162073176753,-0.4579999999999984
2014-04-22 12:24:00,95.286,95.4085,1.9374577766674437,-0.8799999999999955
2014-04-22 12:29:00,96.376,95.40516666666666,1.9356003453645114,1.0900000000000034
2014-04-22 12:34:00,93.666,95.21999999999998,1.9907095126215353,-2.710000000000008
2014-04-22 12:39:00,92.806,94.89833333333333,2.046882655665951,-0.8599999999999994
2014-04-22 12:44:00,95.36,94.82066666666667,2.00647720841386,2.554000000000002
2014-04-22 12:49:00,95.186,95.13499999999999,1.6956598072206812,-0.17399999999999238
2014-04-22 12:54:00,95.25,95.44866666666667,1.2484632978450385,0.06399999999999295
2014-04-22 12:59:00,89.75,94.8725,2.0036198378312595,-5.5
2014-04-22 13:04:00,95.966,94.95300000000002,2.0284597829177184,6.215999999999994
2014-04-22 13:09:00,96.99,94.95216666666666,2.027544230359996,1.024000000000001
2014-04-22 13:14:00,97.084,94.9905,2.06600943850833,0.0940000000000083
2014-04-22 13:19:00,95.582,94.94183333333335,2.0425473326378785,-1.5020000000000095
2014-04-22 13:24:00,95.792,94.984,2.0554803022001398,0.21000000000000796
2014-04-22 13:29:00,95.166,94.88316666666667,2.0101660643006865,-0.6260000000000048
2014-04-22 13:34:00,94.334,94.93883333333332,1.9824536602798608,-0.8319999999999936
2014-04-22 13:39:00,91.842,94.8585,2.0931773368833015,-2.4920000000000044
2014-04-22 13:44:00,96.166,94.92566666666666,2.1234453707194225,4.323999999999998
2014-04-22 13:49:00,95.64,94.9635,2.132530400509313,-0.5259999999999962
2014-04-22 13:54:00,95.956,95.02233333333334,2.1508134331568427,0.3160000000000025
2014-04-22 13:59:00,95.542,95.505,1.3672444750486064,-0.4140000000000015
2014-04-22 14:04:00,92.458,95.21266666666666,1.6127084690253533,-3.084000000000003
2014-04-22 14:09:00,97.708,95.2725,1.695821844203636,5.25
2014-04-22 14:14:00,94.416,95.05016666666667,1.6094268789831288,-3.2920000000000016
2014-04-22 14:19:00,93.334,94.86283333333334,1.6715278712148114,-1.0819999999999936
2014-04-22 14:24:00,91.792,94.5295,1.8578431531815796,-1.5420000000000016
2014-04-22 14:29:00,89.916,94.092,2.2673526412989875,-1.8760000000000048
2014-04-22 14:34:00,88.916,93.64049999999999,2.71085281784266,-1.0
2014-04-22 14:39:00,93.458,93.77516666666666,2.652906393625456,4.542000000000002
2014-04-22 14:44:00,92.11,93.43716666666667,2.5779273504596487,-1.347999999999999
2014-04-22 14:49:00,90.278,92.99033333333334,2.6256556352951126,-1.8319999999999936
2014-04-22 14:54:00,92.5,92.70233333333333,2.4547664704097376,2.221999999999994
2014-04-22 14:59:00,91.166,92.33766666666666,2.3156678727691373,-1.3340000000000032
2014-04-22 15:04:00,92.052,92.30383333333333,2.316715615354998,0.8860000000000099
2014-04-22 15:09:00,93.42,91.9465,1.6389422586772722,1.367999999999995
2014-04-22 15:14:00,89.084,91.50216666666667,1.6313335221871288,-4.3359999999999985
2014-04-22 15:19:00,93.0,91.47433333333333,1.5997822200288863,3.915999999999997
2014-04-22 15:24:00,91.666,91.46383333333334,1.5979201159554555,-1.3340000000000032
2014-04-22 15:29:00,89.5,91.42916666666667,1.6385489053296245,-2.165999999999997
2014-04-22 15:34:00,89.546,91.48166666666667,1.5588603840546769,0.04600000000000648
2014-04-22 15:39:00,91.666,91.33233333333334,1.43308258553898,2.1199999999999903
2014-04-22 15:44:00,93.278,91.42966666666666,1.5272718001457855,1.612000000000009
2014-04-22 15:49:00,95.972,91.90416666666665,1.9601206750125022,2.6939999999999884
2014-04-22 15:54:00,93.946,92.02466666666668,2.0427838996358556,-2.0259999999999962
2014-04-22 15:59:00,95.376,92.3755,2.2344359670651834,1.4300000000000068
2014-04-22 16:04:00,92.62,92.42283333333334,2.232975749302964,-2.7560000000000002
2014-04-22 16:09:00,94.464,92.50983333333333,2.294839659020102,1.843999999999994
2014-04-22 16:14:00,95.566,93.05,2.1748905928608377,1.1020000000000039
2014-04-22 16:19:00,94.714,93.19283333333334,2.2269673563090437,-0.8520000000000039
2014-04-22 16:24:00,95.626,93.52283333333334,2.2730736033103107,0.9120000000000061
2014-04-22 16:29:00,93.508,93.85683333333334,1.8904992045567715,-2.118000000000009
2014-04-22 16:34:00,92.562,94.10816666666666,1.4028914189412196,-0.945999999999998
2014-04-22 16:39:00,92.876,94.209,1.2461284043009306,0.31400000000000716
2014-04-22 16:44:00,94.158,94.28233333333334,1.211779407870477,1.2819999999999965
2014-04-22 16:49:00,93.02,94.03633333333335,1.1347736124534817,-1.1380000000000052
2014-04-22 16:54:00,92.292,93.8985,1.2421164123477881,-0.7279999999999944
2014-04-22 16:59:00,87.874,93.27333333333333,2.0536658723261225,-4.418000000000006
2014-04-22 17:04:00,90.166,93.06883333333333,2.2385021710292006,2.2920000000000016
2014-04-22 17:09:00,91.834,92.84966666666666,2.2181426847032215,1.6680000000000064
2014-04-22 17:14:00,89.126,92.313,2.279410210799338,-2.7079999999999984
2014-04-22 17:19:00,84.124,91.43050000000001,3.1493443040512124,-5.0020000000000095
2014-04-22 17:24:00,85.958,90.62483333333334,3.2144406507158987,1.8340000000000032
2014-04-22 17:29:00,84.624,89.8845,3.5003784860297036,-1.3340000000000032
2014-04-22 17:34:00,89.792,89.65366666666667,3.397583187378425,5.168000000000006
2014-04-22 17:39:00,91.936,89.57533333333333,3.326631748162666,2.1440000000000055
2014-04-22 17:44:00,88.834,89.13166666666666,2.998756206810371,-3.102000000000004
2014-04-22 17:49:00,91.292,88.98766666666667,2.831912278217682,2.4579999999999984
2014-04-22 17:54:00,91.876,88.95300000000002,2.790021635628949,0.5840000000000032
2014-04-22 17:59:00,91.666,89.269,2.8702911477291333,-0.21000000000000796
2014-04-22 18:04:00,92.666,89.47733333333333,3.0277271803768686,1.0
2014-04-22 18:09:00,96.292,89.84883333333333,3.5683980065763934,3.6260000000000048
2014-04-22 18:14:00,88.458,89.79316666666666,3.585866849258502,-7.834000000000003
2014-04-22 18:19:00,90.292,90.30716666666666,3.1098360621322856,1.8340000000000032
2014-04-22 18:24:00,92.042,90.81416666666667,2.8186342867476473,1.75
2014-04-22 18:29:00,93.5,91.55383333333333,2.12607080329215,1.4579999999999984
2014-04-22 18:34:00,92.042,91.74133333333333,2.054580750569652,-1.4579999999999984
2014-04-22 18:39:00,91.54,91.70833333333333,2.0543500336143667,-0.5019999999999953
2014-04-22 18:44:00,91.822,91.95733333333334,1.8446731828485161,0.2819999999999965
2014-04-22 18:49:00,92.48,92.05633333333333,1.8375851412983535,0.6580000000000013
2014-04-22 18:54:00,92.576,92.11466666666666,1.84244429215711,0.09599999999998943
2014-04-22 18:59:00,90.334,92.00366666666667,1.9107882872765383,-2.2419999999999902
2014-04-22 19:04:00,89.874,91.771,1.9911033944218022,-0.46000000000000796
2014-04-22 19:09:00,92.948,91.49233333333332,1.4654644521827582,3.073999999999998
2014-04-22 19:14:00,92.274,91.81033333333333,1.1206241226422542,-0.6739999999999924
2014-04-22 19:19:00,91.442,91.90616666666666,1.0239809864501268,-0.8320000000000078
2014-04-22 19:24:00,92.25,91.9235,1.0282409073955774,0.8080000000000069
2014-04-22 19:29:00,91.792,91.78116666666666,0.9004497697729084,-0.4579999999999984
2014-04-22 19:34:00,90.616,91.66233333333334,0.9553214911852599,-1.176000000000002
2014-04-22 19:39:00,92.946,91.7795,1.0227915898993933,2.3299999999999983
2014-04-22 19:44:00,89.166,91.55816666666665,1.2702127118473496,-3.780000000000001
2014-04-22 19:49:00,90.374,91.38266666666665,1.2767399773259287,1.2079999999999984
2014-04-22 19:54:00,93.126,91.4285,1.3321436245273586,2.7520000000000095
2014-04-22 19:59:00,89.266,91.3395,1.442979776839882,-3.8599999999999994
2014-04-22 20:04:00,90.542,91.39516666666667,1.3933356858053187,1.2759999999999962
2014-04-22 20:09:00,93.5,91.44116666666666,1.4569228988997969,2.9579999999999984
2014-04-22 20:14:00,92.166,91.43216666666666,1.4516344288961898,-1.3340000000000032
2014-04-22 20:19:00,92.53,91.52283333333332,1.4858778754027284,0.3640000000000043
2014-04-22 20:24:00,91.198,91.43516666666666,1.470024231919153,-1.3320000000000078
2014-04-22 20:29:00,91.17,91.38333333333333,1.467261725017802,-0.027999999999991587
2014-04-22 20:34:00,91.834,91.48483333333333,1.4513974352866883,0.6640000000000015
2014-04-22 20:39:00,87.334,91.01716666666668,1.800049586860512,-4.5
2014-04-22 20:44:00,91.584,91.21866666666666,1.7069169087388367,4.25
2014-04-22 20:49:00,91.57,91.31833333333334,1.6879247793107623,-0.014000000000010004
2014-04-22 20:54:00,89.458,91.01266666666668,1.662746541301843,-2.1119999999999948
2014-04-22 20:59:00,93.876,91.39683333333333,1.752629496362647,4.418000000000006
2014-04-22 21:04:00,90.0,91.35166666666667,1.7833761308954574,-3.8760000000000048
2014-04-22 21:09:00,94.958,91.47316666666666,1.9816864183344713,4.957999999999998
2014-04-22 21:14:00,90.082,91.29950000000001,2.006609465107689,-4.876000000000005
2014-04-22 21:19:00,91.778,91.23683333333334,1.976199374987802,1.6960000000000122
2014-04-22 21:24:00,91.842,91.2905,1.9837787862391536,0.06399999999999295
2014-04-22 21:29:00,83.13,90.62049999999999,3.081935652092933,-8.712000000000003
2014-04-22 21:34:00,88.5,90.34266666666666,3.1127193995943725,5.3700000000000045
2014-04-22 21:39:00,91.542,90.69333333333333,2.9770327305545403,3.0420000000000016
2014-04-22 21:44:00,91.292,90.669,2.97027657114553,-0.25
2014-04-22 21:49:00,92.374,90.73599999999999,3.001353149377439,1.0819999999999936
2014-04-22 21:54:00,91.208,90.88183333333335,2.976019606281998,-1.1659999999999968
2014-04-22 21:59:00,87.916,90.38516666666668,2.927838477703346,-3.2920000000000016
2014-04-22 22:04:00,91.708,90.52749999999999,2.948852611996375,3.7920000000000016
2014-04-22 22:09:00,94.874,90.52049999999998,2.9374570480427495,3.165999999999997
2014-04-22 22:14:00,89.834,90.49983333333334,2.9416919631507508,-5.039999999999992
2014-04-22 22:19:00,91.25,90.45583333333333,2.9247358181664387,1.4159999999999968
2014-04-22 22:24:00,92.25,90.48983333333332,2.944618815687708,1.0
2014-04-22 22:29:00,91.708,91.20466666666665,1.8231721273828785,-0.5420000000000016
2014-04-22 22:34:00,90.416,91.36433333333332,1.6394116091597175,-1.2920000000000016
2014-04-22 22:39:00,93.126,91.49633333333334,1.7169526563792243,2.710000000000008
2014-04-22 22:44:00,90.166,91.40249999999999,1.759379255203835,-2.960000000000008
2014-04-22 22:49:00,90.084,91.21166666666666,1.7685944770488329,-0.08199999999999363
2014-04-22 22:54:00,92.876,91.35066666666667,1.8326664792721168,2.7920000000000016
2014-04-22 22:59:00,91.042,91.61116666666668,1.4902515854324925,-1.8340000000000032
2014-04-22 23:04:00,92.316,91.66183333333333,1.5041142264023317,1.274000000000001
2014-04-22 23:09:00,95.954,91.75183333333332,1.7292519577373984,3.637999999999991
2014-04-22 23:14:00,93.126,92.02616666666667,1.656957224079603,-2.8279999999999887
2014-04-22 23:19:00,92.05,92.09283333333333,1.6388848666291236,-1.0760000000000076
2014-04-22 23:24:00,90.876,91.97833333333334,1.6745159047189873,-1.1739999999999924
2014-04-22 23:29:00,91.416,91.954,1.680910792075064,0.539999999999992
2014-04-22 23:34:00,90.79,91.98516666666667,1.6530376354601717,-0.6259999999999906
2014-04-22 23:39:00,93.416,92.00933333333334,1.6732288510195252,2.6259999999999906
2014-04-22 23:44:00,91.002,92.079,1.605537123379836,-2.4140000000000015
2014-04-22 23:49:00,94.958,92.48516666666667,1.670171566220511,3.956000000000003
2014-04-22 23:54:00,93.208,92.51283333333333,1.6799555098742747,-1.75
2014-04-22 23:59:00,91.458,92.5475,1.6508856300912518,-1.75
2014-04-23 00:04:00,93.378,92.63600000000001,1.6657460245149203,1.9200000000000017
2014-04-23 00:09:00,94.042,92.47666666666667,1.387767162378154,0.6640000000000015
2014-04-23 00:14:00,91.416,92.33416666666666,1.4027434051213532,-2.6260000000000048
2014-04-23 00:19:00,89.88799999999998,92.154,1.5712774189423362,-1.52800000000002
2014-04-23 00:24:00,91.084,92.17133333333334,1.5569799048953044,1.1960000000000264
2014-04-23 00:29:00,90.084,92.06033333333333,1.6598091529593901,-1.0
2014-04-23 00:34:00,88.876,91.90083333333332,1.8714500859621501,-1.2079999999999984
2014-04-23 00:39:00,88.876,91.5225,1.9922995621792907,0.0
2014-04-23 00:44:00,92.374,91.63683333333334,1.999070230853347,3.4979999999999905
2014-04-23 00:49:00,88.584,91.10566666666666,1.879629718533163,-3.789999999999992
2014-04-23 00:54:00,89.666,90.81049999999999,1.7957131022130677,1.0819999999999936
2014-04-23 00:59:00,94.5,91.06400000000001,2.0865902590341205,4.834000000000003
2014-04-23 01:04:00,92.042,90.95266666666667,1.9850714360107449,-2.4579999999999984
2014-04-23 01:09:00,95.084,91.03949999999999,2.148552345609329,3.0420000000000016
2014-04-23 01:14:00,93.458,91.20966666666665,2.2591019669273207,-1.6260000000000048
2014-04-23 01:19:00,95.084,91.64266666666667,2.4707883663965235,1.6260000000000048
2014-04-23 01:24:00,93.166,91.81616666666666,2.5009081199131846,-1.9180000000000064
2014-04-23 01:29:00,94.084,92.1495,2.5155749207335303,0.9180000000000064
2014-04-23 01:34:00,92.792,92.47583333333334,2.2968035430042537,-1.2920000000000016
2014-04-23 01:39:00,91.5,92.6945,2.032643621226924,-1.2920000000000016
2014-04-23 01:44:00,95.042,92.91683333333333,2.137604684660902,3.5420000000000016
2014-04-23 01:49:00,95.916,93.52783333333333,1.8091835342528424,0.8739999999999952
2014-04-23 01:54:00,93.042,93.80916666666667,1.3610521219973406,-2.8739999999999952
2014-04-23 01:59:00,92.75,93.66333333333334,1.3739943981203748,-0.2920000000000016
2014-04-23 02:04:00,92.628,93.71216666666665,1.320504162216013,-0.12199999999999989
2014-04-23 02:09:00,95.25,93.726,1.336948764914188,2.622
2014-04-23 02:14:00,95.122,93.86466666666666,1.3917942202497975,-0.1280000000000001
2014-04-23 02:19:00,93.116,93.70066666666666,1.350386431787984,-2.0060000000000002
2014-04-23 02:24:00,89.072,93.35950000000001,1.902174091068637,-4.043999999999997
2014-04-23 02:29:00,90.0,93.01916666666666,2.1142879236868146,0.9279999999999973
2014-04-23 02:34:00,93.25,93.05733333333335,2.113948194659096,3.25
2014-04-23 02:39:00,90.666,92.98783333333334,2.18240425525126,-2.584000000000003
2014-04-23 02:44:00,91.334,92.67883333333333,2.1269176089254014,0.6680000000000064
2014-04-23 02:49:00,88.958,92.099,2.1125692242570615,-2.3760000000000048
2014-04-23 02:54:00,89.75,91.82466666666666,2.1912612114887198,0.7920000000000016
2014-04-23 02:59:00,90.334,91.62333333333333,2.2094282820084064,0.5840000000000032
2014-04-23 03:04:00,91.624,91.53966666666666,2.18681899876021,1.289999999999992
2014-04-23 03:09:00,94.626,91.48766666666666,2.0961085734094063,3.0020000000000095
2014-04-23 03:14:00,89.458,91.01566666666668,1.8232873076028924,-5.168000000000006
2014-04-23 03:19:00,89.92,90.74933333333333,1.7190384909415188,0.4620000000000033
2014-04-23 03:24:00,90.546,90.87216666666667,1.6390925334887325,0.6260000000000048
2014-04-23 03:29:00,92.084,91.04583333333333,1.6486581779993066,1.5379999999999967
2014-04-23 03:34:00,90.416,90.80966666666667,1.5005409529634044,-1.6680000000000064
2014-04-23 03:39:00,92.834,90.99033333333334,1.6083151733957166,2.4180000000000064
2014-04-23 03:44:00,88.25,90.73333333333333,1.7850945140937444,-4.584000000000003
2014-04-23 03:49:00,89.376,90.76816666666666,1.7510560882643325,1.1260000000000048
2014-04-23 03:54:00,92.042,90.95916666666666,1.7548993150792995,2.665999999999997
2014-04-23 03:59:00,91.042,91.01816666666667,1.7438370354095025,-1.0
2014-04-23 04:04:00,93.344,91.1615,1.8646612414751804,2.3019999999999925
2014-04-23 04:09:00,93.0,91.026,1.6349472051542084,-0.3439999999999941
2014-04-23 04:14:00,90.666,91.12666666666667,1.5653331526525236,-2.334000000000003
2014-04-23 04:19:00,92.584,91.34866666666666,1.567549177616983,1.9180000000000064
2014-04-23 04:24:00,90.5,91.34483333333333,1.5697451926036357,-2.084000000000003
2014-04-23 04:29:00,88.5,91.04616666666668,1.7472416616620667,-2.0
2014-04-23 04:34:00,92.794,91.24433333333333,1.8032283843334538,4.293999999999997
2014-04-23 04:39:00,87.65799999999999,90.81299999999999,1.9970460913344592,-5.13600000000001
2014-04-23 04:44:00,85.99600000000002,90.62516666666666,2.337077967087858,-1.6619999999999635
2014-04-23 04:49:00,90.678,90.73366666666668,2.3037987338449772,4.681999999999974
2014-04-23 04:54:00,90.166,90.57733333333333,2.270354451035877,-0.5120000000000005
2014-04-23 04:59:00,91.5,90.6155,2.282692210368673,1.3340000000000032
2014-04-23 05:04:00,89.00200000000002,90.25366666666667,2.1512176396957963,-2.4979999999999762
2014-04-23 05:09:00,93.584,90.30233333333332,2.224358184586817,4.581999999999979
2014-04-23 05:14:00,89.0,90.1635,2.251423489101446,-4.584000000000003
2014-04-23 05:19:00,89.416,89.8995,2.123923663241615,0.4159999999999968
2014-04-23 05:24:00,88.334,89.719,2.1599830807429554,-1.0819999999999936
2014-04-23 05:29:00,90.092,89.85166666666667,2.126943147223286,1.7579999999999956
2014-04-23 05:34:00,92.0,89.7855,2.037561666664221,1.9080000000000013
2014-04-23 05:39:00,89.436,89.93366666666667,1.9306307651956924,-2.563999999999993
2014-04-23 05:44:00,87.084,90.02433333333335,1.745576817057161,-2.352000000000004
2014-04-23 05:49:00,91.61,90.10200000000002,1.7972730859442443,4.525999999999996
2014-04-23 05:54:00,90.068,90.09383333333334,1.79717848728403,-1.5420000000000016
2014-04-23 05:59:00,87.80799999999998,89.78616666666666,1.84982013048741,-2.2600000000000193
2014-04-23 06:04:00,90.75,89.93183333333333,1.8512799421609367,2.9420000000000215
2014-04-23 06:09:00,90.416,89.66783333333332,1.4696739176590656,-0.3340000000000032
2014-04-23 06:14:00,89.042,89.67133333333334,1.4679879447957085,-1.3739999999999952
2014-04-23 06:19:00,87.0,89.47000000000001,1.659388715490069,-2.0420000000000016
2014-04-23 06:24:00,89.584,89.57416666666666,1.620369533238429,2.584000000000003
2014-04-23 06:29:00,90.584,89.61516666666667,1.6407595709615352,1.0
2014-04-23 06:34:00,90.458,89.48666666666666,1.490509451243869,-0.12600000000000477
2014-04-23 06:39:00,90.668,89.58933333333333,1.5286446363518664,0.21000000000000796
2014-04-23 06:44:00,88.042,89.66916666666667,1.4060054204835675,-2.6260000000000048
2014-04-23 06:49:00,90.0,89.53500000000001,1.274646902980438,1.9579999999999984
2014-04-23 06:54:00,88.084,89.36966666666666,1.3268302168127144,-1.9159999999999968
2014-04-23 06:59:00,89.708,89.528,1.233623487574631,1.6239999999999952
2014-04-23 07:04:00,89.792,89.44816666666667,1.1770544000219048,0.08400000000000318
2014-04-23 07:09:00,92.376,89.61149999999999,1.4319535607012233,2.584000000000003
2014-04-23 07:14:00,89.584,89.65666666666668,1.4208623075353295,-2.7920000000000016
2014-04-23 07:19:00,89.834,89.89283333333334,1.1485809294604075,0.25
2014-04-23 07:24:00,86.71799999999998,89.654,1.4712799622361712,-3.116000000000028
2014-04-23 07:29:00,86.166,89.28583333333334,1.7447582710069853,-0.5519999999999783
2014-04-23 07:34:00,85.446,88.86816666666665,2.017266279505265,-0.7199999999999989
2014-04-23 07:39:00,88.25,88.66666666666667,1.9404427486042417,2.804000000000002
2014-04-23 07:44:00,87.344,88.6085,1.9710896156014786,-0.9060000000000059
2014-04-23 07:49:00,91.124,88.70216666666666,2.067570459758346,3.780000000000001
2014-04-23 07:54:00,90.334,88.88966666666666,2.1080408540702007,-0.789999999999992
2014-04-23 07:59:00,81.0,88.164,3.0768972565357697,-9.334000000000003
2014-04-23 08:04:00,82.0,87.51466666666666,3.4957788918366304,1.0
2014-04-23 08:09:00,92.708,87.54233333333333,3.5387996766586873,10.707999999999998
2014-04-23 08:14:00,93.042,87.83049999999999,3.8474972384661372,0.3340000000000032
2014-04-23 08:19:00,94.626,88.22983333333333,4.296793600166163,1.5840000000000032
2014-04-23 08:24:00,93.084,88.76033333333334,4.482155717820685,-1.5420000000000016
2014-04-23 08:29:00,94.334,89.44099999999999,4.668681223176553,1.25
2014-04-23 08:34:00,92.584,90.03583333333334,4.567025406170973,-1.75
2014-04-23 08:39:00,92.584,90.397,4.584297190112994,0.0
2014-04-23 08:44:00,93.916,90.94466666666666,4.578972439976668,1.3319999999999936
2014-04-23 08:49:00,92.7,91.07600000000001,4.607098554504167,-1.215999999999994
2014-04-23 08:54:00,94.0,91.3815,4.674477870697617,1.2999999999999972
2014-04-23 08:59:00,93.184,92.39683333333333,3.3501807233033647,-0.8160000000000025
2014-04-23 09:04:00,93.514,93.35633333333334,0.7114041599496526,0.3299999999999983
2014-04-23 09:09:00,96.666,93.68616666666667,1.1597465109681684,3.152000000000001
2014-04-23 09:14:00,92.5,93.641,1.197068084949999,-4.165999999999997
2014-04-23 09:19:00,93.092,93.51316666666668,1.1637623807262807,0.5919999999999987
2014-04-23 09:24:00,94.558,93.63600000000001,1.1917980304818445,1.4660000000000082
2014-04-23 09:29:00,92.416,93.47616666666666,1.2180029730793163,-2.14200000000001
2014-04-23 09:34:00,93.874,93.58366666666667,1.188676829952721,1.4579999999999984
2014-04-23 09:39:00,92.542,93.58016666666667,1.1919452270336364,-1.3319999999999936
2014-04-23 09:44:00,94.208,93.60449999999999,1.2023595363082147,1.6659999999999968
2014-04-23 09:49:00,94.334,93.74066666666668,1.1829818513451307,0.12600000000000477
2014-04-23 09:54:00,92.084,93.581,1.2708363745639852,-2.25
2014-04-23 09:59:00,92.666,93.53783333333335,1.2941312167112098,0.5819999999999936
2014-04-23 10:04:00,93.876,93.568,1.2977392930527734,1.210000000000008
2014-04-23 10:09:00,95.126,93.43966666666667,1.0071348499910087,1.25
2014-04-23 10:14:00,94.666,93.62016666666666,1.017460460108718,-0.46000000000000796
2014-04-23 10:19:00,93.208,93.62983333333334,1.0125253607028644,-1.4579999999999984
2014-04-23 10:24:00,91.802,93.40016666666666,1.0922788383063422,-1.4059999999999917
2014-04-23 10:29:00,91.742,93.344,1.1625551795335647,-0.060000000000002274
2014-04-23 10:34:00,93.9,93.34616666666666,1.1636564498764697,2.1580000000000013
2014-04-23 10:39:00,92.604,93.35133333333334,1.1598928895192402,-1.2960000000000065
2014-04-23 10:44:00,93.126,93.26116666666667,1.1288853580062514,0.5220000000000056
2014-04-23 10:49:00,95.208,93.334,1.2282188137914294,2.0819999999999936
2014-04-23 10:54:00,93.084,93.41733333333333,1.168153269315229,-2.1239999999999952
2014-04-23 10:59:00,92.666,93.41733333333333,1.168153269315229,-0.41800000000000637
2014-04-23 11:04:00,93.236,93.36399999999999,1.1598893364166483,0.5700000000000074
2014-04-23 11:09:00,94.088,93.27749999999999,1.0500441982067077,0.8519999999999897
2014-04-23 11:14:00,93.666,93.19416666666666,0.9661633433671185,-0.42199999999999704
2014-04-23 11:19:00,95.29,93.36766666666666,1.1401469868051826,1.6240000000000094
2014-04-23 11:24:00,93.102,93.476,1.0347472242956939,-2.1880000000000024
2014-04-23 11:29:00,93.666,93.63633333333335,0.878975781377571,0.563999999999993
2014-04-23 11:34:00,95.208,93.74533333333333,0.9888757007435673,1.5420000000000016
2014-04-23 11:39:00,94.416,93.89633333333332,0.9356653766040974,-0.7920000000000016
2014-04-23 11:44:00,95.166,94.06633333333333,0.9677530989938101,0.75
2014-04-23 11:49:00,92.834,93.86849999999998,0.9557288033017113,-2.3319999999999936
2014-04-23 11:54:00,94.792,94.01083333333334,0.9554579895018986,1.9579999999999984
2014-04-23 11:59:00,92.854,94.0265,0.9326716756455632,-1.9380000000000024
2014-04-23 12:04:00,95.032,94.17616666666667,0.9383728502395623,2.1779999999999973
2014-04-23 12:09:00,96.75,94.39800000000001,1.1951532423641265,1.7180000000000035
2014-04-23 12:14:00,95.68,94.56583333333334,1.224076188461242,-1.0699999999999932
2014-04-23 12:19:00,95.584,94.59033333333332,1.2426888247497094,-0.09600000000000364
2014-04-23 12:24:00,95.0,94.74849999999999,1.1536314599823116,-0.5840000000000032
2014-04-23 12:29:00,94.584,94.82499999999999,1.104723247945776,-0.4159999999999968
2014-04-23 12:34:00,93.042,94.64450000000001,1.2085297228100822,-1.5420000000000016
2014-04-23 12:39:00,92.584,94.49183333333333,1.347716845993975,-0.4579999999999984
2014-04-23 12:44:00,95.208,94.49533333333333,1.3496799171633738,2.6239999999999952
2014-04-23 12:49:00,93.78,94.57416666666667,1.2690401407339995,-1.4279999999999973
2014-04-23 12:54:00,96.512,94.71749999999999,1.3874864454725289,2.7319999999999993
2014-04-23 12:59:00,95.1,94.90466666666667,1.2587729474928258,-1.4120000000000061
2014-04-23 13:04:00,94.626,94.87083333333334,1.2604944075725124,-0.47399999999998954
2014-04-23 13:09:00,95.722,94.78516666666667,1.1513809758379465,1.0959999999999894
2014-04-23 13:14:00,95.334,94.75633333333333,1.1310885612275066,-0.387999999999991
2014-04-23 13:19:00,97.042,94.87783333333334,1.2945714512651185,1.7079999999999984
2014-04-23 13:24:00,95.876,94.95083333333334,1.3263940065502888,-1.1659999999999968
2014-04-23 13:29:00,94.376,94.9335,1.332966377536516,-1.5
2014-04-23 13:34:00,92.126,94.85716666666666,1.4702861708690738,-2.25
2014-04-23 13:39:00,94.124,94.9855,1.3125883173773771,1.9979999999999905
2014-04-23 13:44:00,94.618,94.93633333333332,1.3145448803409876,0.4939999999999998
2014-04-23 13:49:00,93.604,94.92166666666667,1.3295157924713397,-1.0139999999999958
2014-04-23 13:54:00,94.61,94.76316666666668,1.2325230466861192,1.0060000000000002
2014-04-23 13:59:00,93.09,94.59566666666666,1.3163171304382069,-1.519999999999996
2014-04-23 14:04:00,92.292,94.40116666666665,1.4743749266209765,-0.7980000000000018
2014-04-23 14:09:00,95.916,94.41733333333333,1.4911429011068478,3.6239999999999952
2014-04-23 14:14:00,93.0,94.22283333333333,1.5127690344270146,-2.915999999999997
2014-04-23 14:19:00,93.75,93.94850000000001,1.226448568393731,0.75
2014-04-23 14:24:00,95.124,93.88583333333334,1.134794962125983,1.3739999999999952
2014-04-23 14:29:00,91.264,93.62650000000001,1.348131939862895,-3.8599999999999994
2014-04-23 14:34:00,93.75,93.76183333333334,1.2626101272123447,2.486000000000004
2014-04-23 14:39:00,94.334,93.77933333333334,1.2695225540168098,0.5840000000000032
2014-04-23 14:44:00,93.75,93.707,1.2418196326382556,-0.5840000000000032
2014-04-23 14:49:00,93.792,93.72266666666667,1.2415879373070706,0.04200000000000159
2014-04-23 14:54:00,94.626,93.72399999999999,1.2426356154291949,0.8340000000000032
2014-04-23 14:59:00,94.292,93.82416666666667,1.2353079728896184,-0.3340000000000032
2014-04-23 15:04:00,94.75,94.029,1.1596236066486751,0.4579999999999984
2014-04-23 15:09:00,94.75,93.93183333333333,1.0285811793097162,0.0
2014-04-23 15:14:00,94.876,94.08816666666667,1.016573016057233,0.12600000000000477
2014-04-23 15:19:00,93.232,94.045,1.042895096270072,-1.6440000000000055
2014-04-23 15:24:00,94.58,93.99966666666666,1.002780437616613,1.347999999999999
2014-04-23 15:29:00,94.834,94.29716666666667,0.5403214251076346,0.2540000000000049
2014-04-23 15:34:00,94.312,94.344,0.5122080543248186,-0.5220000000000056
2014-04-23 15:39:00,95.708,94.4585,0.6458962061330656,1.3960000000000008
2014-04-23 15:44:00,95.08,94.56933333333332,0.6271060999641854,-0.6280000000000001
2014-04-23 15:49:00,95.666,94.72550000000001,0.6488911521041323,0.5859999999999985
2014-04-23 15:54:00,95.084,94.76366666666667,0.6559378204134465,-0.5819999999999936
2014-04-23 15:59:00,93.542,94.70116666666667,0.7358312347725495,-1.5420000000000016
2014-04-23 16:04:00,97.038,94.89183333333334,0.9990033063343585,3.495999999999995
2014-04-23 16:09:00,96.462,95.0345,1.0945794127954036,-0.5759999999999934
2014-04-23 16:14:00,93.688,94.93549999999999,1.1618743868919243,-2.774000000000001
2014-04-23 16:19:00,94.816,95.0675,1.0336498879773293,1.1280000000000001
2014-04-23 16:24:00,95.834,95.17200000000001,1.0432282065375682,1.0180000000000007
2014-04-23 16:29:00,92.916,95.01216666666666,1.2299411540519618,-2.9180000000000064
2014-04-23 16:34:00,94.584,95.03483333333334,1.2183161131338576,1.6680000000000064
2014-04-23 16:39:00,93.208,94.82650000000001,1.3035116556325756,-1.3760000000000048
2014-04-23 16:44:00,94.042,94.74000000000001,1.3195026611316758,0.8340000000000032
2014-04-23 16:49:00,93.75,94.58033333333333,1.313173209745807,-0.2920000000000016
2014-04-23 16:54:00,96.584,94.70533333333334,1.4315332742055993,2.834000000000003
2014-04-23 16:59:00,94.626,94.79566666666666,1.384892206725403,-1.9579999999999984
2014-04-23 17:04:00,95.916,94.70216666666666,1.2511584329127599,1.289999999999992
2014-04-23 17:09:00,95.084,94.58733333333333,1.1325720794535539,-0.8319999999999936
2014-04-23 17:14:00,94.916,94.68966666666667,1.0989031997544307,-0.16800000000000637
2014-04-23 17:19:00,94.124,94.632,1.109774096589392,-0.7920000000000016
2014-04-23 17:24:00,93.792,94.46183333333333,1.0643350321267413,-0.33199999999999363
2014-04-23 17:29:00,95.006,94.63600000000001,0.953625045433992,1.2139999999999986
2014-04-23 17:34:00,94.458,94.6255,0.9549424066435895,-0.5480000000000018
2014-04-23 17:39:00,93.126,94.61866666666667,0.9662344279227559,-1.3319999999999936
2014-04-23 17:44:00,95.25,94.71933333333334,0.9636167979750189,2.1239999999999952
2014-04-23 17:49:00,94.25,94.76100000000001,0.9280460411810234,-1.0
2014-04-23 17:54:00,94.624,94.59766666666667,0.7292131915935937,0.3739999999999952
2014-04-23 17:59:00,93.904,94.53750000000001,0.7559582119323954,-0.7199999999999989
2014-04-23 18:04:00,94.188,94.3935,0.6222581311837683,0.284000000000006
2014-04-23 18:09:00,95.208,94.40383333333334,0.6356525399314393,1.019999999999996
2014-04-23 18:14:00,93.666,94.29966666666667,0.6464216655582146,-1.5420000000000016
2014-04-23 18:19:00,96.292,94.48033333333332,0.8604078666399285,2.6260000000000048
2014-04-23 18:24:00,96.012,94.66533333333335,0.9344331615153648,-0.28000000000000114
2014-04-23 18:29:00,94.006,94.582,0.9458114361401524,-2.0060000000000002
2014-04-23 18:34:00,94.63,94.59633333333333,0.9450644358375888,0.6239999999999952
2014-04-23 18:39:00,94.0,94.66916666666667,0.8503844941466524,-0.6299999999999955
2014-04-23 18:44:00,94.792,94.63099999999999,0.8320255677927192,0.7920000000000016
2014-04-23 18:49:00,94.416,94.64483333333332,0.826476621609386,-0.3760000000000048
2014-04-23 18:54:00,93.166,94.52333333333333,0.9304479208099347,-1.25
2014-04-23 18:59:00,95.792,94.68066666666665,0.9747709598919637,2.6260000000000048
2014-04-23 19:04:00,94.536,94.70966666666668,0.9638973288749955,-1.2560000000000002
2014-04-23 19:09:00,94.416,94.64366666666666,0.9537347957437217,-0.12000000000000455
2014-04-23 19:14:00,94.208,94.68883333333333,0.9152845393018875,-0.2079999999999984
2014-04-23 19:19:00,95.292,94.6055,0.7934697680022295,1.0840000000000032
2014-04-23 19:24:00,93.542,94.39966666666665,0.7115871291910654,-1.75
2014-04-23 19:29:00,92.842,94.30266666666667,0.838199513390767,-0.7000000000000028
2014-04-23 19:34:00,93.584,94.2155,0.8552788487370432,0.7420000000000044
2014-04-23 19:39:00,93.084,94.13916666666665,0.9150485166835716,-0.5
2014-04-23 19:44:00,93.792,94.05583333333334,0.8955166952777207,0.7079999999999984
2014-04-23 19:49:00,93.624,93.98983333333335,0.8957444677591376,-0.16800000000000637
2014-04-23 19:54:00,92.174,93.90716666666667,1.0163429837471054,-1.4499999999999886
2014-04-23 19:59:00,95.626,93.89333333333333,0.9891216795600025,3.451999999999998
2014-04-23 20:04:00,92.834,93.75150000000001,1.010388989002129,-2.7920000000000016
2014-04-23 20:09:00,97.416,94.00150000000001,1.4605959244607685,4.581999999999994
2014-04-23 20:14:00,94.328,94.0115,1.462547745920408,-3.087999999999994
2014-04-23 20:19:00,93.958,93.90033333333334,1.405973964156055,-0.37000000000000455
2014-04-23 20:24:00,94.814,94.00633333333333,1.4243321454674869,0.8559999999999945
2014-04-23 20:29:00,94.95,94.182,1.3974155365617693,0.1360000000000099
2014-04-23 20:34:00,92.404,94.08366666666666,1.482262357673462,-2.5460000000000065
2014-04-23 20:39:00,94.552,94.20600000000002,1.4525380921328566,2.1480000000000103
2014-04-23 20:44:00,94.19,94.23916666666666,1.446757995303901,-0.362000000000009
2014-04-23 20:49:00,94.458,94.30866666666667,1.4344999339882027,0.2680000000000007
2014-04-23 20:54:00,93.126,94.38799999999999,1.328090358374059,-1.3319999999999936
2014-04-23 20:59:00,95.126,94.34633333333333,1.293101650603693,2.0
2014-04-23 21:04:00,93.208,94.3775,1.25735020796144,-1.9180000000000064
2014-04-23 21:09:00,97.0,94.34283333333333,1.1685588508435958,3.7920000000000016
2014-04-23 21:14:00,95.166,94.41266666666667,1.1923883849703536,-1.8340000000000032
2014-04-23 21:19:00,94.334,94.444,1.1842671688765538,-0.8319999999999936
2014-04-23 21:24:00,95.5,94.50116666666668,1.219776271092915,1.1659999999999968
2014-04-23 21:29:00,95.708,94.56433333333332,1.2639588121430578,0.2079999999999984
2014-04-23 21:34:00,94.376,94.72866666666668,1.071017980781739,-1.3319999999999936
2014-04-23 21:39:00,93.374,94.63049999999998,1.1404203770407983,-1.0020000000000095
2014-04-23 21:44:00,94.376,94.64600000000002,1.1351408402832548,1.0020000000000095
2014-04-23 21:49:00,95.024,94.69316666666667,1.1383734675059045,0.6479999999999961
2014-04-23 21:54:00,96.33,94.96016666666667,1.1128415580574373,1.3059999999999974
2014-04-23 21:59:00,94.0,94.86633333333333,1.144605635410028,-2.3299999999999983
2014-04-23 22:04:00,93.61,94.89983333333333,1.0965308795028599,-0.39000000000000057
2014-04-23 22:09:00,97.084,94.90683333333334,1.1113249940636587,3.4740000000000038
2014-04-23 22:14:00,95.246,94.9135,1.1132593016605001,-1.838000000000008
2014-04-23 22:19:00,95.584,95.01766666666667,1.1125871024834233,0.33800000000000807
2014-04-23 22:24:00,94.75,94.95516666666667,1.1040617434454032,-0.8340000000000032
2014-04-23 22:29:00,96.338,95.00766666666668,1.1568322997320584,1.5879999999999939
2014-04-23 22:34:00,95.626,95.11183333333332,1.151046783139652,-0.7119999999999891
2014-04-23 22:39:00,93.75,95.14316666666667,1.1035784631139203,-1.8760000000000048
2014-04-23 22:44:00,95.876,95.26816666666666,1.0936901533440222,2.1260000000000048
2014-04-23 22:49:00,94.49,95.22366666666666,1.115180485463234,-1.38600000000001
2014-04-23 22:54:00,95.182,95.128,1.0594955918253561,0.6920000000000073
2014-04-23 22:59:00,92.276,94.98433333333334,1.312931441356842,-2.906000000000006
2014-04-23 23:04:00,93.076,94.93983333333334,1.3714908831015276,0.7999999999999972
2014-04-23 23:09:00,99.04,95.10283333333332,1.7211504521088004,5.964000000000013
2014-04-23 23:14:00,93.666,94.97116666666666,1.768972677386431,-5.374000000000009
2014-04-23 23:19:00,94.498,94.88066666666667,1.762538114784172,0.8320000000000078
2014-04-23 23:24:00,93.682,94.79166666666667,1.7963757115302998,-0.8160000000000025
2014-04-23 23:29:00,94.666,94.65233333333333,1.729117028131967,0.9839999999999947
2014-04-23 23:34:00,96.334,94.71133333333334,1.7767822465123317,1.6680000000000064
2014-04-23 23:39:00,94.592,94.7815,1.751817368025383,-1.7420000000000044
2014-04-23 23:44:00,92.666,94.51400000000001,1.8134908576872542,-1.926000000000002
2014-04-23 23:49:00,95.084,94.56349999999999,1.8208679498841416,2.4180000000000064
2014-04-23 23:54:00,95.236,94.568,1.8226013377504762,0.15200000000000102
2014-04-23 23:59:00,96.374,94.9095,1.7359707004248748,1.137999999999991
2014-04-24 00:04:00,95.042,95.07333333333332,1.63716147553506,-1.3319999999999936
2014-04-24 00:09:00,96.584,94.86866666666667,1.1881338563530577,1.5420000000000016
